episode,starting_total_steps,starting_epsilon,is_win,avg_loss,reward,win,steps,composition_size
0,0,1.0,False,0.7405659048349266,-1150.9799999999975,False,298,"(0, 0)"
1,0,0.9988851351351351,False,5.500321993891824,-607.9799999999974,False,298,"(0, 0)"
2,0,0.9977702702702703,False,4.2370050529505585,-386.97999999999854,False,298,"(0, 0)"
3,0,0.9966554054054054,False,4.363377709516743,-768.979999999998,False,298,"(0, 0)"
4,0,0.9955405405405405,False,3.8051650330124285,15.019999999999918,False,298,"(0, 0)"
5,0,0.9944256756756756,True,3.537158401949065,88.8800000000007,True,112,"(0, 0)"
6,0,0.9933108108108109,True,3.4732857445290066,87.88000000000055,True,212,"(0, 0)"
7,0,0.992195945945946,False,3.3050756786993687,-346.97999999999763,False,298,"(0, 0)"
8,0,0.9910810810810811,False,3.2770367000727045,-527.9799999999973,False,298,"(0, 0)"
9,0,0.9899662162162162,False,3.269101973348016,-929.9799999999973,False,298,"(0, 0)"
10,0,0.9888513513513514,True,2.9614571479373963,87.68000000000038,True,232,"(0, 0)"
11,0,0.9877364864864865,False,2.8743252263173162,-808.9799999999985,False,298,"(0, 0)"
12,0,0.9866216216216216,False,2.9967333688931976,-1733.9799999999973,False,298,"(0, 0)"
13,0,0.9855067567567568,False,3.0289606967028355,-346.97999999999786,False,298,"(0, 0)"
14,0,0.9843918918918919,False,3.0992395815333262,-1351.9799999999975,False,298,"(0, 0)"
15,0,0.983277027027027,False,3.2639497604546133,-1190.9799999999973,False,298,"(0, 0)"
16,0,0.9821621621621621,False,3.2866438712749706,-989.9799999999984,False,298,"(0, 0)"
17,0,0.9810472972972973,False,3.16940868780917,-165.9799999999989,False,298,"(0, 0)"
18,0,0.9799324324324324,False,3.2307218093200016,-346.97999999999956,False,298,"(0, 0)"
19,0,0.9788175675675675,False,3.2062486251628637,-547.9799999999975,False,298,"(0, 0)"
20,0,0.9777027027027027,False,3.211646010261654,-547.9799999999987,False,298,"(0, 0)"
21,0,0.9765878378378379,False,3.069700028522303,-547.9799999999973,False,298,"(0, 0)"
22,0,0.975472972972973,False,3.4353180261666343,-1210.9799999999973,False,298,"(0, 0)"
23,0,0.9743581081081081,False,3.6146485923520673,-1170.9799999999975,False,298,"(0, 0)"
24,0,0.9732432432432433,False,3.4058564751340237,-185.97999999999743,False,298,"(0, 0)"
25,0,0.9721283783783784,True,3.493830266865817,-512.749999999998,True,275,"(0, 0)"
26,0,0.9710135135135135,False,3.3969982501444402,-386.979999999998,False,298,"(0, 0)"
27,0,0.9698986486486486,False,3.320055340960522,-386.9799999999991,False,298,"(0, 0)"
28,0,0.9687837837837838,False,3.2960834167147643,-567.9799999999976,False,298,"(0, 0)"
29,0,0.9676689189189189,True,3.4089559106002176,-111.32999999999902,True,133,"(0, 0)"
30,0,0.966554054054054,False,3.2738928947872763,55.02000000000007,False,298,"(0, 0)"
31,0,0.9654391891891891,False,3.370854039720241,-989.9799999999976,False,298,"(0, 0)"
32,0,0.9643243243243244,True,3.4201177044581343,-110.92999999999921,True,93,"(0, 0)"
33,0,0.9632094594594595,True,3.2715726320942244,-311.7399999999984,True,174,"(0, 0)"
34,0,0.9620945945945946,False,3.4359446984009456,-567.9799999999976,False,298,"(0, 0)"
35,0,0.9609797297297298,False,3.4330503432542687,-788.9799999999987,False,298,"(0, 0)"
36,0,0.9598648648648649,False,3.653885765813741,-1210.9799999999975,False,298,"(0, 0)"
37,0,0.95875,False,3.624746429040128,-386.97999999999735,False,298,"(0, 0)"
38,0,0.9576351351351351,False,3.7735078047785984,-1431.9799999999975,False,298,"(0, 0)"
39,0,0.9565202702702703,False,3.7672834286353734,-1375.9799999999973,False,298,"(0, 0)"
40,0,0.9554054054054054,True,3.6644926455870173,-111.52999999999906,True,153,"(0, 0)"
41,0,0.9542905405405405,False,3.846667585656947,-1150.9799999999973,False,298,"(0, 0)"
42,0,0.9531756756756756,False,3.7092519421005408,-788.9799999999973,False,298,"(0, 0)"
43,0,0.9520608108108108,True,3.6565025402949405,-511.9499999999982,True,195,"(0, 0)"
44,0,0.950945945945946,True,3.554361018267545,88.68000000000025,True,132,"(0, 0)"
45,0,0.949831081081081,False,3.6567436177658554,-607.9799999999987,False,298,"(0, 0)"
46,0,0.9487162162162163,False,3.7686461113243297,-808.9799999999973,False,298,"(0, 0)"
47,0,0.9476013513513514,False,3.71126293926031,-346.97999999999803,False,298,"(0, 0)"
48,0,0.9464864864864865,False,3.550571885835004,-1773.9799999999975,False,298,"(0, 0)"
49,0,0.9453716216216216,True,3.7597410016305455,-112.32999999999794,True,233,"(0, 0)"
50,0,0.9442567567567568,False,3.9319028652354375,-1214.9799999999973,False,298,"(0, 0)"
51,0,0.9431418918918919,False,4.076869238142999,-366.97999999999763,False,298,"(0, 0)"
52,0,0.942027027027027,False,3.7840580420206056,-768.9799999999973,False,298,"(0, 0)"
53,0,0.9409121621621621,False,3.829760582355045,-1210.9799999999984,False,298,"(0, 0)"
54,0,0.9397972972972973,True,3.853325080594351,-512.149999999998,True,215,"(0, 0)"
55,0,0.9386824324324324,False,4.064236503019429,-1170.979999999998,False,298,"(0, 0)"
56,0,0.9375675675675675,False,4.11118510145469,-832.9799999999981,False,298,"(0, 0)"
57,0,0.9364527027027028,False,3.92806022259213,-386.9799999999989,False,298,"(0, 0)"
58,0,0.9353378378378379,False,3.9994494366965836,-406.9799999999979,False,298,"(0, 0)"
59,0,0.934222972972973,False,4.041106020744215,-1733.979999999998,False,298,"(0, 0)"
60,0,0.9331081081081081,False,4.130313485660809,-1009.9799999999973,False,298,"(0, 0)"
61,0,0.9319932432432433,False,4.103606548085309,-547.9799999999979,False,298,"(0, 0)"
62,0,0.9308783783783784,False,4.12187742946932,-828.9799999999987,False,298,"(0, 0)"
63,0,0.9297635135135135,False,4.066709708572434,-929.9799999999976,False,298,"(0, 0)"
64,0,0.9286486486486487,False,4.229495276540717,-1552.9799999999975,False,298,"(0, 0)"
65,0,0.9275337837837838,False,4.347523014817462,-607.9799999999988,False,298,"(0, 0)"
66,0,0.9264189189189189,False,4.276112487652158,-185.97999999999735,False,298,"(0, 0)"
67,0,0.925304054054054,True,3.9728326564249783,89.08000000000015,True,92,"(0, 0)"
68,0,0.9241891891891892,False,4.234653322788693,-828.9799999999982,False,298,"(0, 0)"
69,0,0.9230743243243243,False,4.240895804742839,-768.9799999999973,False,298,"(0, 0)"
70,0,0.9219594594594595,True,4.234055812744534,87.28000000000219,True,272,"(0, 0)"
71,0,0.9208445945945946,False,4.122485699369603,-145.97999999999774,False,298,"(0, 0)"
72,0,0.9197297297297298,False,4.05018468311169,-547.9799999999973,False,298,"(0, 0)"
73,0,0.9186148648648649,False,4.019619814901544,-2597.9800000000087,False,298,"(0, 0)"
74,0,0.9175,False,4.2609704226855465,-748.9799999999977,False,298,"(0, 0)"
75,0,0.9163851351351351,False,4.316175785840758,-1351.9799999999975,False,298,"(0, 0)"
76,0,0.9152702702702703,False,4.331673451318037,-567.9799999999977,False,298,"(0, 0)"
77,0,0.9141554054054054,False,4.120204419697691,-426.97999999999735,False,298,"(0, 0)"
78,0,0.9130405405405405,True,4.178390287623113,-312.9399999999978,True,294,"(0, 0)"
79,0,0.9119256756756757,True,4.255310590576938,-312.5399999999977,True,254,"(0, 0)"
80,0,0.9108108108108108,False,4.137156566117434,-1033.9799999999973,False,298,"(0, 0)"
81,0,0.9096959459459459,False,4.281142880052528,-1435.9799999999984,False,298,"(0, 0)"
82,0,0.908581081081081,True,4.148478439876011,-111.32999999999885,True,133,"(0, 0)"
83,0,0.9074662162162163,True,4.108778338248913,-511.9499999999982,True,195,"(0, 0)"
84,0,0.9063513513513514,True,4.51263600175685,-310.93999999999926,True,94,"(0, 0)"
85,0,0.9052364864864865,False,4.248017933744713,-1170.979999999998,False,298,"(0, 0)"
86,0,0.9041216216216217,False,4.249858064739496,-165.98000000000002,False,298,"(0, 0)"
87,0,0.9030067567567568,True,4.23199756634541,-511.94999999999845,True,195,"(0, 0)"
88,0,0.9018918918918919,False,4.114325557079091,-949.9799999999989,False,298,"(0, 0)"
89,0,0.900777027027027,False,4.2276911477514565,-567.9799999999973,False,298,"(0, 0)"
90,0,0.8996621621621621,True,4.179570958364842,88.28000000000019,True,172,"(0, 0)"
91,0,0.8985472972972973,False,4.311741548196581,-346.97999999999763,False,298,"(0, 0)"
92,0,0.8974324324324324,False,4.217407249964324,-828.9799999999977,False,298,"(0, 0)"
93,0,0.8963175675675675,True,4.133573129832507,287.4899999999998,True,251,"(0, 0)"
94,0,0.8952027027027027,False,4.184425870844182,-607.9799999999974,False,298,"(0, 0)"
95,0,0.8940878378378379,False,4.252937018671291,-547.979999999998,False,298,"(0, 0)"
96,0,0.892972972972973,False,4.253234934086768,-1230.9799999999984,False,298,"(0, 0)"
97,0,0.8918581081081081,True,4.246732990900089,287.28999999999985,True,271,"(0, 0)"
98,0,0.8907432432432433,False,4.21172479095075,-1210.979999999998,False,298,"(0, 0)"
99,0,0.8896283783783784,True,4.244847041620335,-112.12999999999954,True,213,"(0, 0)"
100,0,0.8885135135135135,False,4.260236216571507,-587.979999999998,False,298,"(0, 0)"
101,0,0.8873986486486487,True,4.18641126620305,-311.53999999999894,True,154,"(0, 0)"
102,0,0.8862837837837838,False,4.22062663423935,-929.9799999999973,False,298,"(0, 0)"
103,0,0.8851689189189189,False,4.377205001327815,-2014.979999999998,False,298,"(0, 0)"
104,0,0.884054054054054,False,4.308951047542911,-768.9799999999982,False,298,"(0, 0)"
105,0,0.8829391891891892,False,4.470134706705209,-406.97999999999735,False,298,"(0, 0)"
106,0,0.8818243243243243,False,4.1966959370062655,-748.9799999999977,False,298,"(0, 0)"
107,0,0.8807094594594594,True,4.579334431174976,-311.3399999999988,True,134,"(0, 0)"
108,0,0.8795945945945945,False,4.404226003877269,-1612.9799999999975,False,298,"(0, 0)"
109,0,0.8784797297297298,True,4.170989065652802,87.48000000000073,True,252,"(0, 0)"
110,0,0.8773648648648649,False,4.378833827156349,-326.9799999999982,False,298,"(0, 0)"
111,0,0.87625,False,4.139194660138764,-627.9799999999998,False,298,"(0, 0)"
112,0,0.8751351351351352,False,4.398867300492805,-768.9799999999982,False,298,"(0, 0)"
113,0,0.8740202702702703,False,4.349796275564488,-627.9799999999989,False,298,"(0, 0)"
114,0,0.8729054054054054,True,4.339052249810526,88.88000000000014,True,112,"(0, 0)"
115,0,0.8717905405405405,True,4.2379993817966835,-111.92999999999887,True,193,"(0, 0)"
116,0,0.8706756756756757,True,4.4887996592619315,-112.92999999999938,True,293,"(0, 0)"
117,0,0.8695608108108108,False,4.385056141638916,-828.9799999999976,False,298,"(0, 0)"
118,0,0.8684459459459459,True,4.4484732804759854,-511.5499999999986,True,155,"(0, 0)"
119,0,0.867331081081081,True,4.485839799171736,-1112.3799999999978,True,238,"(0, 0)"
120,0,0.8662162162162163,False,4.418532154254065,-1636.9799999999975,False,298,"(0, 0)"
121,0,0.8651013513513514,False,4.48216803431911,-627.9799999999989,False,298,"(0, 0)"
122,0,0.8639864864864865,False,4.43920700662088,-929.9799999999973,False,298,"(0, 0)"
123,0,0.8628716216216217,False,4.454799461484756,-788.9799999999977,False,298,"(0, 0)"
124,0,0.8617567567567568,True,4.4908741170709785,88.68000000000033,True,132,"(0, 0)"
125,0,0.8606418918918919,True,4.4921358040598935,88.28000000000053,True,172,"(0, 0)"
126,0,0.859527027027027,True,4.571806597530394,-111.32999999999885,True,133,"(0, 0)"
127,0,0.8584121621621621,True,4.358159632274979,88.48000000000023,True,152,"(0, 0)"
128,0,0.8572972972972973,False,4.482866250428577,-1813.979999999998,False,298,"(0, 0)"
129,0,0.8561824324324324,False,4.4376955713401705,-788.9799999999979,False,298,"(0, 0)"
130,0,0.8550675675675676,False,4.505804872352805,-366.9799999999979,False,298,"(0, 0)"
131,0,0.8539527027027027,False,4.4247554148603605,-366.97999999999786,False,298,"(0, 0)"
132,0,0.8528378378378378,True,4.610272505439024,287.09000000000003,True,291,"(0, 0)"
133,0,0.851722972972973,True,4.12919282044796,288.48999999999995,True,151,"(0, 0)"
134,0,0.850608108108108,False,4.561215262685046,-2396.9799999999996,False,298,"(0, 0)"
135,0,0.8494932432432433,False,4.638585715485899,-1029.9799999999987,False,298,"(0, 0)"
136,0,0.8483783783783784,False,4.63019798065992,-1210.9799999999977,False,298,"(0, 0)"
137,0,0.8472635135135135,True,4.4769336347614885,-112.72999999999814,True,273,"(0, 0)"
138,0,0.8461486486486487,False,4.63147390408804,-1033.9799999999977,False,298,"(0, 0)"
139,0,0.8450337837837838,False,4.708234866993539,-527.9799999999976,False,298,"(0, 0)"
140,0,0.8439189189189189,False,4.663637800604705,-587.9799999999984,False,298,"(0, 0)"
141,0,0.842804054054054,False,4.705259828359488,75.02,False,298,"(0, 0)"
142,0,0.8416891891891892,False,4.6406307968517275,-1210.9799999999984,False,298,"(0, 0)"
143,0,0.8405743243243243,False,4.625222211316128,-820.9799999999973,False,298,"(0, 0)"
144,0,0.8394594594594594,False,4.549877608782493,-386.9799999999986,False,298,"(0, 0)"
145,0,0.8383445945945946,False,4.778827088391221,-1431.9799999999982,False,298,"(0, 0)"
146,0,0.8372297297297298,False,4.644627731718473,-3019.980000000016,False,298,"(0, 0)"
147,0,0.8361148648648649,False,4.770920250639819,-969.9799999999979,False,298,"(0, 0)"
148,0,0.835,False,4.829051785821083,-1773.9799999999975,False,298,"(0, 0)"
149,0,0.8338851351351351,True,4.642136495614397,-712.7599999999975,True,276,"(0, 0)"
150,0,0.8327702702702703,True,4.6760780811309814,-111.32999999999925,True,133,"(0, 0)"
151,0,0.8316554054054054,False,4.763683247086186,-125.97999999999804,False,298,"(0, 0)"
152,0,0.8305405405405406,False,4.79000400416803,-792.9799999999987,False,298,"(0, 0)"
153,0,0.8294256756756757,True,4.78985188353247,-111.92999999999847,True,193,"(0, 0)"
154,0,0.8283108108108108,True,4.725555991842633,87.48000000000027,True,252,"(0, 0)"
155,0,0.8271959459459459,False,4.7540310047216865,-1170.9799999999975,False,298,"(0, 0)"
156,0,0.826081081081081,False,4.682839978461297,-1029.9799999999984,False,298,"(0, 0)"
157,0,0.8249662162162162,False,4.698347403299088,-1435.9799999999982,False,298,"(0, 0)"
158,0,0.8238513513513513,True,5.0593124862228125,88.88000000000042,True,112,"(0, 0)"
159,0,0.8227364864864865,False,4.711526075065536,15.019999999999953,False,298,"(0, 0)"
160,0,0.8216216216216217,False,4.68702138030289,-386.97999999999774,False,298,"(0, 0)"
161,0,0.8205067567567568,True,4.764002135220696,-512.5499999999988,True,255,"(0, 0)"
162,0,0.8193918918918919,False,4.647193596667091,-1411.9799999999975,False,298,"(0, 0)"
163,0,0.818277027027027,False,4.918382875071276,-768.9799999999975,False,298,"(0, 0)"
164,0,0.8171621621621622,False,4.8428002295878105,-3602.9800000000387,False,298,"(0, 0)"
165,0,0.8160472972972973,False,4.962563347896474,-969.9799999999977,False,298,"(0, 0)"
166,0,0.8149324324324324,False,4.97640136744352,-2038.979999999998,False,298,"(0, 0)"
167,0,0.8138175675675676,True,5.081145562282225,-312.93999999999835,True,294,"(0, 0)"
168,0,0.8127027027027027,True,5.062038396304343,-112.7299999999982,True,273,"(0, 0)"
169,0,0.8115878378378378,False,5.041198148823424,-2999.9800000000323,False,298,"(0, 0)"
170,0,0.8104729729729729,True,5.0069635502703775,287.6899999999998,True,231,"(0, 0)"
171,0,0.809358108108108,False,5.119560514720495,-1632.9799999999973,False,298,"(0, 0)"
172,0,0.8082432432432433,False,5.2912525082594595,-1773.9799999999975,False,298,"(0, 0)"
173,0,0.8071283783783784,False,5.223760771671397,-929.9799999999979,False,298,"(0, 0)"
174,0,0.8060135135135136,False,5.263330600405699,-1455.9799999999977,False,298,"(0, 0)"
175,0,0.8048986486486487,True,5.196991213807115,288.8899999999999,True,111,"(0, 0)"
176,0,0.8037837837837838,False,5.540342575751695,-1150.9799999999977,False,298,"(0, 0)"
177,0,0.8026689189189189,False,5.376691425006662,-768.9799999999973,False,298,"(0, 0)"
178,0,0.801554054054054,False,5.186949035065286,-1753.9799999999975,False,298,"(0, 0)"
179,0,0.8004391891891892,False,5.075229625573894,-989.979999999998,False,298,"(0, 0)"
180,0,0.7993243243243243,False,5.418640439542348,-788.9799999999987,False,298,"(0, 0)"
181,0,0.7982094594594594,False,5.255551082575881,-816.9799999999984,False,298,"(0, 0)"
182,0,0.7970945945945946,False,5.128963809285388,-1029.9799999999982,False,298,"(0, 0)"
183,0,0.7959797297297297,False,5.267725256065394,-567.9799999999987,False,298,"(0, 0)"
184,0,0.7948648648648649,True,5.175668704794697,287.4899999999999,True,251,"(0, 0)"
185,0,0.79375,False,5.16576461583976,-808.979999999999,False,298,"(0, 0)"
186,0,0.7926351351351352,False,4.966535873861121,-768.9799999999973,False,298,"(0, 0)"
187,0,0.7915202702702703,False,5.027307313160608,-527.9799999999977,False,298,"(0, 0)"
188,0,0.7904054054054054,True,5.085068536048033,-711.9599999999988,True,196,"(0, 0)"
189,0,0.7892905405405406,True,5.219856941141188,-712.5599999999977,True,256,"(0, 0)"
190,0,0.7881756756756757,True,5.201540992284815,88.08000000000125,True,192,"(0, 0)"
191,0,0.7870608108108108,True,5.0744840358597,-111.52999999999872,True,153,"(0, 0)"
192,0,0.7859459459459459,False,5.192277871522327,-989.979999999998,False,298,"(0, 0)"
193,0,0.784831081081081,False,5.179105716263688,-1150.9799999999973,False,298,"(0, 0)"
194,0,0.7837162162162162,False,4.978647509677298,-989.9799999999984,False,298,"(0, 0)"
195,0,0.7826013513513513,True,5.131058471225132,-312.1399999999985,True,214,"(0, 0)"
196,0,0.7814864864864866,True,5.213692359022192,-712.9599999999986,True,296,"(0, 0)"
197,0,0.7803716216216217,False,5.220183865235956,-346.97999999999735,False,298,"(0, 0)"
198,0,0.7792567567567568,True,5.156730178176173,288.48999999999995,True,151,"(0, 0)"
199,0,0.7781418918918919,False,5.2498396551049,-607.9799999999984,False,298,"(0, 0)"
200,0,0.777027027027027,False,5.230584086587765,-1777.9799999999982,False,298,"(0, 0)"
201,0,0.7759121621621622,True,5.050907712134104,87.47999999999999,True,252,"(0, 0)"
202,0,0.7747972972972973,False,5.222947205473113,-426.979999999999,False,298,"(0, 0)"
203,0,0.7736824324324324,False,5.094937495737268,-768.9799999999973,False,298,"(0, 0)"
204,0,0.7725675675675676,False,5.398369416094466,-1170.9799999999973,False,298,"(0, 0)"
205,0,0.7714527027027027,False,5.218334441617031,-165.97999999999843,False,298,"(0, 0)"
206,0,0.7703378378378378,False,5.194869964914834,-2175.980000000011,False,298,"(0, 0)"
207,0,0.7692229729729729,False,5.119342781153302,-547.9799999999977,False,298,"(0, 0)"
208,0,0.7681081081081081,False,5.120302441736196,-185.97999999999843,False,298,"(0, 0)"
209,0,0.7669932432432433,False,5.184950935360569,-788.9799999999973,False,298,"(0, 0)"
210,0,0.7658783783783784,True,4.956847830822594,88.48000000000003,True,152,"(0, 0)"
211,0,0.7647635135135136,True,5.240051294181306,-512.9499999999973,True,295,"(0, 0)"
212,0,0.7636486486486487,False,5.192200211470559,-748.9799999999987,False,298,"(0, 0)"
213,0,0.7625337837837838,False,5.417489074220593,-949.9799999999973,False,298,"(0, 0)"
214,0,0.7614189189189189,False,5.160447618305283,-366.97999999999803,False,298,"(0, 0)"
215,0,0.760304054054054,True,5.145497725043498,-112.12999999999812,True,213,"(0, 0)"
216,0,0.7591891891891892,False,5.079946156716186,-366.9799999999981,False,298,"(0, 0)"
217,0,0.7580743243243243,False,5.159506703783202,-1150.9799999999973,False,298,"(0, 0)"
218,0,0.7569594594594595,False,5.024246476040591,-346.9799999999982,False,298,"(0, 0)"
219,0,0.7558445945945946,False,5.223807164486622,-145.97999999999968,False,298,"(0, 0)"
220,0,0.7547297297297297,True,5.091505994242946,-312.53999999999826,True,254,"(0, 0)"
221,0,0.7536148648648648,False,5.315464597420404,-4.9800000000000715,False,298,"(0, 0)"
222,0,0.7525,False,5.1695111417930395,35.02000000000003,False,298,"(0, 0)"
223,0,0.7513851351351352,False,5.124241646104211,-426.97999999999786,False,298,"(0, 0)"
224,0,0.7502702702702703,False,5.190560309678916,-1150.9799999999973,False,298,"(0, 0)"
225,0,0.7491554054054054,True,5.352419028156682,88.48000000000069,True,152,"(0, 0)"
226,0,0.7480405405405406,False,5.060438977391928,-406.9799999999984,False,298,"(0, 0)"
227,0,0.7469256756756757,False,4.846586720655428,-768.9799999999979,False,298,"(0, 0)"
228,0,0.7458108108108108,False,5.076746923611468,-748.9799999999973,False,298,"(0, 0)"
229,0,0.7446959459459459,False,5.071965654024342,-949.9799999999973,False,298,"(0, 0)"
230,0,0.743581081081081,False,5.106015700621893,-808.9799999999973,False,298,"(0, 0)"
231,0,0.7424662162162162,False,5.079996339026714,-1391.9799999999984,False,298,"(0, 0)"
232,0,0.7413513513513514,False,5.110860054524953,-1371.9799999999973,False,298,"(0, 0)"
233,0,0.7402364864864865,False,5.026521989763183,-788.979999999999,False,298,"(0, 0)"
234,0,0.7391216216216216,False,5.229468381644895,-587.979999999999,False,298,"(0, 0)"
235,0,0.7380067567567568,False,5.080589865278077,-366.9799999999981,False,298,"(0, 0)"
236,0,0.7368918918918919,False,5.160248006350242,-607.979999999998,False,298,"(0, 0)"
237,0,0.735777027027027,False,5.206383563928156,-1210.979999999998,False,298,"(0, 0)"
238,0,0.7346621621621622,True,5.335794132273152,87.88000000000075,True,212,"(0, 0)"
239,0,0.7335472972972973,False,5.175903189102275,-1431.9799999999977,False,298,"(0, 0)"
240,0,0.7324324324324325,True,5.1365847557213655,-911.5699999999986,True,157,"(0, 0)"
241,0,0.7313175675675676,False,5.270298472186863,-165.9799999999984,False,298,"(0, 0)"
242,0,0.7302027027027027,False,5.236748563763279,-125.97999999999921,False,298,"(0, 0)"
243,0,0.7290878378378378,False,5.213460738626902,-1974.979999999998,False,298,"(0, 0)"
244,0,0.7279729729729729,False,5.218113821624909,-125.97999999999759,False,298,"(0, 0)"
245,0,0.726858108108108,False,5.436722780234062,-969.979999999998,False,298,"(0, 0)"
246,0,0.7257432432432432,False,5.162079888302208,-627.9799999999975,False,298,"(0, 0)"
247,0,0.7246283783783785,True,5.2744625539291565,-312.5399999999986,True,254,"(0, 0)"
248,0,0.7235135135135136,True,5.398627426034661,-110.92999999999921,True,93,"(0, 0)"
249,0,0.7223986486486487,False,5.245801067992344,-366.979999999999,False,298,"(0, 0)"
250,0,0.7212837837837838,True,5.153296652183034,-111.52999999999867,True,153,"(0, 0)"
251,0,0.7201689189189189,False,5.249367793934457,-2979.980000000027,False,298,"(0, 0)"
252,0,0.7190540540540541,True,5.3981350269168615,88.07999999999987,True,192,"(0, 0)"
253,0,0.7179391891891892,False,5.365265172599946,-1150.9799999999973,False,298,"(0, 0)"
254,0,0.7168243243243243,False,5.237852785811328,-989.979999999999,False,298,"(0, 0)"
255,0,0.7157094594594595,False,5.447516047714541,-1833.9799999999987,False,298,"(0, 0)"
256,0,0.7145945945945946,False,5.222636764481564,-949.9799999999977,False,298,"(0, 0)"
257,0,0.7134797297297297,False,5.422698678186276,-728.979999999998,False,298,"(0, 0)"
258,0,0.7123648648648648,False,5.366768085316524,-808.9799999999977,False,298,"(0, 0)"
259,0,0.7112499999999999,False,5.378393338830679,-808.9799999999984,False,298,"(0, 0)"
260,0,0.7101351351351352,False,5.516333245190998,-527.9799999999987,False,298,"(0, 0)"
261,0,0.7090202702702703,False,5.71153406688831,-165.97999999999772,False,298,"(0, 0)"
262,0,0.7079054054054055,False,5.21955787935513,-1130.9799999999984,False,298,"(0, 0)"
263,0,0.7067905405405406,True,5.361125806346536,-712.5599999999979,True,256,"(0, 0)"
264,0,0.7056756756756757,False,5.307366136736518,-748.9799999999974,False,298,"(0, 0)"
265,0,0.7045608108108108,True,5.36429427974806,-312.53999999999803,True,254,"(0, 0)"
266,0,0.7034459459459459,False,5.407925810589886,-949.9799999999989,False,298,"(0, 0)"
267,0,0.7023310810810811,True,5.373611612753435,-311.53999999999917,True,154,"(0, 0)"
268,0,0.7012162162162162,False,5.448970720271936,-326.97999999999854,False,298,"(0, 0)"
269,0,0.7001013513513513,False,5.549955235631674,-1572.9799999999973,False,298,"(0, 0)"
270,0,0.6989864864864865,False,5.348581082068834,-1592.9799999999973,False,298,"(0, 0)"
271,0,0.6978716216216216,False,5.554277915282538,-1773.979999999998,False,298,"(0, 0)"
272,0,0.6967567567567567,False,5.46075094306229,-768.979999999998,False,298,"(0, 0)"
273,0,0.6956418918918919,False,5.441235409487014,-165.97999999999743,False,298,"(0, 0)"
274,0,0.694527027027027,False,5.578000180273248,-4004.980000000023,False,298,"(0, 0)"
275,0,0.6934121621621622,True,5.463959233493221,-711.9599999999982,True,196,"(0, 0)"
276,0,0.6922972972972974,False,5.464777382428214,-969.9799999999975,False,298,"(0, 0)"
277,0,0.6911824324324325,False,5.670767152069399,-386.9799999999974,False,298,"(0, 0)"
278,0,0.6900675675675676,False,5.67842427636153,-1190.979999999998,False,298,"(0, 0)"
279,0,0.6889527027027027,False,5.6926281096151214,-1974.9799999999975,False,298,"(0, 0)"
280,0,0.6878378378378378,False,5.630235427978055,-607.9799999999989,False,298,"(0, 0)"
281,0,0.6867229729729729,True,5.684387210389258,-112.12999999999812,True,213,"(0, 0)"
282,0,0.6856081081081081,False,5.890491281979836,-1552.9799999999977,False,298,"(0, 0)"
283,0,0.6844932432432432,False,5.847473639769842,-386.97999999999854,False,298,"(0, 0)"
284,0,0.6833783783783784,True,5.642300101069661,287.6899999999999,True,231,"(0, 0)"
285,0,0.6822635135135136,False,5.5869946483797674,-386.979999999999,False,298,"(0, 0)"
286,0,0.6811486486486487,False,5.6966448822277505,-2376.9800000000196,False,298,"(0, 0)"
287,0,0.6800337837837838,True,5.753171374864667,-312.1399999999984,True,214,"(0, 0)"
288,0,0.6789189189189189,False,5.7515535274608025,-366.97999999999786,False,298,"(0, 0)"
289,0,0.677804054054054,False,5.683591555028954,-969.9799999999977,False,298,"(0, 0)"
290,0,0.6766891891891892,False,5.9059297218418765,-607.9799999999977,False,298,"(0, 0)"
291,0,0.6755743243243244,True,5.511383141522632,288.0899999999998,True,191,"(0, 0)"
292,0,0.6744594594594595,False,5.407822896570167,-788.9799999999976,False,298,"(0, 0)"
293,0,0.6733445945945946,False,5.630155998588409,-366.9799999999975,False,298,"(0, 0)"
294,0,0.6722297297297297,False,5.692080063707876,-145.9799999999979,False,298,"(0, 0)"
295,0,0.6711148648648648,False,5.673680771517273,-346.9799999999989,False,298,"(0, 0)"
296,0,0.67,False,5.613023493913996,-989.9799999999991,False,298,"(0, 0)"
297,0,0.668885135135135,False,5.7125851631964615,-1009.9799999999973,False,298,"(0, 0)"
298,0,0.6677702702702702,True,5.945488958888584,-511.3499999999988,True,135,"(0, 0)"
299,0,0.6666554054054055,False,5.642087004128719,-1190.9799999999975,False,298,"(0, 0)"
300,0,0.6655405405405406,False,5.632482839110714,-225.97999999999965,False,298,"(0, 0)"
301,0,0.6644256756756757,True,5.762652218341827,-711.7599999999984,True,176,"(0, 0)"
302,0,0.6633108108108108,False,5.649337808957836,15.019999999999822,False,298,"(0, 0)"
303,0,0.6621959459459459,False,5.618214632440734,-587.9799999999975,False,298,"(0, 0)"
304,0,0.6610810810810811,True,5.8221223190478035,287.0899999999996,True,291,"(0, 0)"
305,0,0.6599662162162162,False,5.5412353789246325,-366.9799999999982,False,298,"(0, 0)"
306,0,0.6588513513513514,False,5.497044780910415,-1057.9799999999973,False,298,"(0, 0)"
307,0,0.6577364864864865,False,5.747376652371964,-3783.9800000000387,False,298,"(0, 0)"
308,0,0.6566216216216216,True,5.6542496591333355,87.48000000000152,True,252,"(0, 0)"
309,0,0.6555067567567567,False,5.775182273563923,-527.9799999999981,False,298,"(0, 0)"
310,0,0.6543918918918918,True,5.875730873413489,-2312.840000000033,True,284,"(0, 0)"
311,0,0.6532770270270271,True,5.819640065893273,-111.72999999999956,True,173,"(0, 0)"
312,0,0.6521621621621622,False,5.630468064506582,-346.9799999999992,False,298,"(0, 0)"
313,0,0.6510472972972973,False,5.866062328319422,-2798.980000000016,False,298,"(0, 0)"
314,0,0.6499324324324325,True,5.6290934239214625,288.28999999999974,True,171,"(0, 0)"
315,0,0.6488175675675676,True,5.923918906199574,-112.32999999999794,True,233,"(0, 0)"
316,0,0.6477027027027027,False,5.855513146259641,-788.9799999999993,False,298,"(0, 0)"
317,0,0.6465878378378378,False,5.818528526981405,-788.9799999999977,False,298,"(0, 0)"
318,0,0.6454729729729729,True,5.834686106408548,288.28999999999985,True,171,"(0, 0)"
319,0,0.6443581081081081,True,5.821221642789587,-111.12999999999943,True,113,"(0, 0)"
320,0,0.6432432432432433,True,5.798632839396331,-1712.8099999999974,True,281,"(0, 0)"
321,0,0.6421283783783783,False,5.821209621109419,-1351.9799999999982,False,298,"(0, 0)"
322,0,0.6410135135135135,False,5.949227948516807,-728.9799999999976,False,298,"(0, 0)"
323,0,0.6398986486486486,False,5.858482276033235,-728.979999999998,False,298,"(0, 0)"
324,0,0.6387837837837838,True,6.044514819014844,-1311.3899999999994,True,139,"(0, 0)"
325,0,0.6376689189189189,True,5.811353224696535,88.68000000000079,True,132,"(0, 0)"
326,0,0.636554054054054,False,5.636547067821426,-788.9799999999976,False,298,"(0, 0)"
327,0,0.6354391891891892,True,5.741283356642523,-1112.3799999999978,True,238,"(0, 0)"
328,0,0.6343243243243244,True,6.120515904583773,289.0899999999999,True,91,"(0, 0)"
329,0,0.6332094594594595,False,5.852630113995315,-24.980000000000167,False,298,"(0, 0)"
330,0,0.6320945945945946,False,5.859115269760157,-1974.979999999998,False,298,"(0, 0)"
331,0,0.6309797297297297,False,5.635201906997885,-2336.9800000000314,False,298,"(0, 0)"
332,0,0.6298648648648648,False,5.821554597592193,-768.9799999999987,False,298,"(0, 0)"
333,0,0.62875,True,5.970837130565052,-1112.5799999999983,True,258,"(0, 0)"
334,0,0.6276351351351351,True,6.068094019304242,288.28999999999985,True,171,"(0, 0)"
335,0,0.6265202702702704,False,5.797362585995821,-165.97999999999803,False,298,"(0, 0)"
336,0,0.6254054054054055,False,5.642665944243437,-567.9799999999981,False,298,"(0, 0)"
337,0,0.6242905405405406,True,5.940530699877003,-1712.0099999999984,True,201,"(0, 0)"
338,0,0.6231756756756757,True,5.814337380727133,-1511.799999999999,True,180,"(0, 0)"
339,0,0.6220608108108108,True,5.947780851412703,-712.1599999999984,True,216,"(0, 0)"
340,0,0.620945945945946,False,5.983637059494953,-2557.9800000000314,False,298,"(0, 0)"
341,0,0.6198310810810811,False,5.821527049445466,-768.9799999999988,False,298,"(0, 0)"
342,0,0.6187162162162162,False,5.868796070550112,-1994.979999999998,False,298,"(0, 0)"
343,0,0.6176013513513514,False,6.0972335498604995,-386.97999999999735,False,298,"(0, 0)"
344,0,0.6164864864864865,True,5.8908349755065466,287.28999999999985,True,271,"(0, 0)"
345,0,0.6153716216216216,True,5.814832719488176,-912.9699999999982,True,297,"(0, 0)"
346,0,0.6142567567567567,True,6.039573520162831,-511.14999999999895,True,115,"(0, 0)"
347,0,0.6131418918918918,False,5.780783068413703,-527.9799999999984,False,298,"(0, 0)"
348,0,0.612027027027027,True,5.823079919402217,287.6899999999999,True,231,"(0, 0)"
349,0,0.6109121621621623,True,5.779498799477216,-111.92999999999836,True,193,"(0, 0)"
350,0,0.6097972972972973,True,5.6623979089384395,287.8899999999998,True,211,"(0, 0)"
351,0,0.6086824324324325,True,5.811325318455078,-111.92999999999881,True,193,"(0, 0)"
352,0,0.6075675675675676,True,5.863439154762753,-111.72999999999905,True,173,"(0, 0)"
353,0,0.6064527027027027,False,5.7723079463779525,-2798.9800000000296,False,298,"(0, 0)"
354,0,0.6053378378378378,False,5.7515666596841495,-165.97999999999908,False,298,"(0, 0)"
355,0,0.6042229729729729,True,5.787972107038393,289.0899999999999,True,91,"(0, 0)"
356,0,0.6031081081081081,False,5.891240741182494,-386.97999999999786,False,298,"(0, 0)"
357,0,0.6019932432432433,True,5.948406330374784,88.28000000000024,True,172,"(0, 0)"
358,0,0.6008783783783784,True,5.822996020317078,-312.1399999999983,True,214,"(0, 0)"
359,0,0.5997635135135135,False,5.8147263174889074,-4.98000000000013,False,298,"(0, 0)"
360,0,0.5986486486486486,False,5.827503323955024,-788.9799999999973,False,298,"(0, 0)"
361,0,0.5975337837837837,True,5.793035151927095,88.4800000000008,True,152,"(0, 0)"
362,0,0.5964189189189189,False,5.801641480234645,-326.97999999999774,False,298,"(0, 0)"
363,0,0.5953040540540541,False,5.765687513271434,-366.97999999999735,False,298,"(0, 0)"
364,0,0.5941891891891893,True,5.773662824256747,-111.52999999999867,True,153,"(0, 0)"
365,0,0.5930743243243244,False,5.788962554611616,-205.97999999999763,False,298,"(0, 0)"
366,0,0.5919594594594595,False,5.711177368292073,-2617.9800000000087,False,298,"(0, 0)"
367,0,0.5908445945945946,False,5.736587836038346,-205.97999999999936,False,298,"(0, 0)"
368,0,0.5897297297297297,True,5.647802360444201,-112.52999999999804,True,253,"(0, 0)"
369,0,0.5886148648648649,False,5.775602022273429,-1612.979999999998,False,298,"(0, 0)"
370,0,0.5874999999999999,False,5.779067949560664,-1411.9799999999977,False,298,"(0, 0)"
371,0,0.5863851351351351,True,5.990928250354725,289.0899999999999,True,91,"(0, 0)"
372,0,0.5852702702702703,False,5.5091882552076505,15.019999999999737,False,298,"(0, 0)"
373,0,0.5841554054054054,False,5.684244023473471,-567.9799999999973,False,298,"(0, 0)"
374,0,0.5830405405405406,False,5.690879588159139,-2014.9799999999975,False,298,"(0, 0)"
375,0,0.5819256756756757,True,5.9116692187493305,288.28999999999985,True,171,"(0, 0)"
376,0,0.5808108108108108,True,5.727414921272633,88.28000000000127,True,172,"(0, 0)"
377,0,0.579695945945946,True,5.825715914502874,288.8899999999999,True,111,"(0, 0)"
378,0,0.5785810810810811,False,5.784553550233777,-2062.9800000000014,False,298,"(0, 0)"
379,0,0.5774662162162162,False,5.729155070829711,-366.9799999999987,False,298,"(0, 0)"
380,0,0.5763513513513514,True,5.625437297262587,288.8899999999999,True,111,"(0, 0)"
381,0,0.5752364864864865,False,5.634613899576584,-828.9799999999973,False,298,"(0, 0)"
382,0,0.5741216216216216,True,5.876694534687286,-310.93999999999915,True,94,"(0, 0)"
383,0,0.5730067567567567,False,5.8131390517990065,-406.97999999999894,False,298,"(0, 0)"
384,0,0.5718918918918918,False,5.645102635926048,-185.9800000000001,False,298,"(0, 0)"
385,0,0.570777027027027,False,5.757484859268137,-587.9799999999973,False,298,"(0, 0)"
386,0,0.5696621621621621,True,5.70266842684209,288.48999999999984,True,151,"(0, 0)"
387,0,0.5685472972972974,True,6.054854500424731,289.0899999999999,True,91,"(0, 0)"
388,0,0.5674324324324325,True,5.898671191017907,288.88999999999993,True,111,"(0, 0)"
389,0,0.5663175675675676,True,5.802814044649639,87.48000000000027,True,252,"(0, 0)"
390,0,0.5652027027027027,True,5.515300165011189,-312.5399999999977,True,254,"(0, 0)"
391,0,0.5640878378378378,True,5.339341755734374,288.48999999999995,True,151,"(0, 0)"
392,0,0.562972972972973,True,5.569344312855692,88.68000000000079,True,132,"(0, 0)"
393,0,0.5618581081081082,True,5.66722563295874,288.68999999999994,True,131,"(0, 0)"
394,0,0.5607432432432432,True,5.735117867676138,288.28999999999985,True,171,"(0, 0)"
395,0,0.5596283783783784,True,5.808202003890818,88.68000000000045,True,132,"(0, 0)"
396,0,0.5585135135135135,True,5.691652902147987,88.6800000000009,True,132,"(0, 0)"
397,0,0.5573986486486486,True,5.590159733492629,-111.3299999999989,True,133,"(0, 0)"
398,0,0.5562837837837837,True,5.584600625760052,287.48999999999984,True,251,"(0, 0)"
399,0,0.5551689189189188,False,5.52374185731747,-1057.9799999999973,False,298,"(0, 0)"
400,0,0.5540540540540541,True,5.397507523473405,287.8899999999998,True,211,"(0, 0)"
401,0,0.5529391891891893,True,5.686761725056279,288.8899999999999,True,111,"(0, 0)"
402,0,0.5518243243243244,True,5.548570674854321,289.0899999999999,True,91,"(0, 0)"
403,0,0.5507094594594595,False,5.569767995168699,-406.9799999999974,False,298,"(0, 0)"
404,0,0.5495945945945946,False,5.353235362360142,35.02000000000015,False,298,"(0, 0)"
405,0,0.5484797297297297,True,5.596861035618561,288.48999999999984,True,151,"(0, 0)"
406,0,0.5473648648648648,False,5.610789052191997,-125.97999999999978,False,298,"(0, 0)"
407,0,0.54625,True,5.58584704500804,287.8899999999999,True,211,"(0, 0)"
408,0,0.5451351351351351,True,5.449829986360338,-511.3499999999988,True,135,"(0, 0)"
409,0,0.5440202702702703,True,5.535883756139171,-1311.9899999999993,True,199,"(0, 0)"
410,0,0.5429054054054054,False,5.642971382845168,-125.97999999999958,False,298,"(0, 0)"
411,0,0.5417905405405405,True,5.669235070546468,88.68000000000045,True,132,"(0, 0)"
412,0,0.5406756756756756,True,5.619780976781732,-112.52999999999776,True,253,"(0, 0)"
413,0,0.5395608108108108,True,5.477461937311533,288.88999999999993,True,111,"(0, 0)"
414,0,0.5384459459459459,True,5.935999453416344,288.28999999999996,True,171,"(0, 0)"
415,0,0.5373310810810811,False,5.609176423925682,75.01999999999987,False,298,"(0, 0)"
416,0,0.5362162162162163,True,5.351071720676763,88.8800000000007,True,112,"(0, 0)"
417,0,0.5351013513513514,True,5.65185162494349,88.28000000000067,True,172,"(0, 0)"
418,0,0.5339864864864865,True,5.634629501091255,289.0899999999999,True,91,"(0, 0)"
419,0,0.5328716216216216,True,5.44866176655418,88.48000000000108,True,152,"(0, 0)"
420,0,0.5317567567567567,True,5.316436446074284,88.68000000000079,True,132,"(0, 0)"
421,0,0.5306418918918919,True,5.7817402398714455,-110.92999999999967,True,93,"(0, 0)"
422,0,0.529527027027027,True,5.3703107024138825,87.88000000000015,True,212,"(0, 0)"
423,0,0.5284121621621621,True,5.49715589013016,288.28999999999985,True,171,"(0, 0)"
424,0,0.5272972972972974,True,5.480397884314659,287.88999999999993,True,211,"(0, 0)"
425,0,0.5261824324324325,True,5.8022347709228255,-711.1599999999992,True,116,"(0, 0)"
426,0,0.5250675675675676,False,5.488336259486691,-836.9799999999988,False,298,"(0, 0)"
427,0,0.5239527027027027,True,5.442086835240209,88.27999999999999,True,172,"(0, 0)"
428,0,0.5228378378378378,False,5.444403513765975,-205.97999999999942,False,298,"(0, 0)"
429,0,0.521722972972973,False,5.320802975420984,75.01999999999994,False,298,"(0, 0)"
430,0,0.5206081081081081,True,5.602158202781333,288.8899999999999,True,111,"(0, 0)"
431,0,0.5194932432432433,True,5.3783022192598295,288.68999999999994,True,131,"(0, 0)"
432,0,0.5183783783783784,True,5.318022595026106,288.08999999999986,True,191,"(0, 0)"
433,0,0.5172635135135135,False,5.4331848329345656,55.01999999999994,False,298,"(0, 0)"
434,0,0.5161486486486486,False,5.4332941546536135,-1431.9799999999975,False,298,"(0, 0)"
435,0,0.5150337837837837,True,5.183358029380363,-111.9299999999983,True,193,"(0, 0)"
436,0,0.5139189189189189,False,5.316894996086223,-728.9799999999977,False,298,"(0, 0)"
437,0,0.512804054054054,True,5.252047936583674,88.28000000000101,True,172,"(0, 0)"
438,0,0.5116891891891892,True,5.4735767004144105,288.6899999999999,True,131,"(0, 0)"
439,0,0.5105743243243244,True,5.747083977536038,288.8899999999999,True,111,"(0, 0)"
440,0,0.5094594594594595,False,5.646377931105211,-1793.9799999999987,False,298,"(0, 0)"
441,0,0.5083445945945946,True,5.663190055977214,88.68000000000062,True,132,"(0, 0)"
442,0,0.5072297297297297,True,5.249946035304159,87.88000000000072,True,212,"(0, 0)"
443,0,0.5061148648648648,True,5.430051825428737,288.68999999999994,True,131,"(0, 0)"
444,0,0.505,False,5.157819181880695,-808.9799999999973,False,298,"(0, 0)"
445,0,0.5038851351351351,True,5.411323507397161,-111.72999999999922,True,173,"(0, 0)"
446,0,0.5027702702702703,False,5.31654658253561,-145.97999999999942,False,298,"(0, 0)"
447,0,0.5016554054054054,True,5.377200374477788,88.48000000000032,True,152,"(0, 0)"
448,0,0.5005405405405405,True,5.032427914048496,88.48000000000108,True,152,"(0, 0)"
449,0,0.49942567567567564,True,5.385607182329351,-512.7499999999975,True,275,"(0, 0)"
450,0,0.49831081081081074,False,5.2689825426412105,-185.97999999999735,False,298,"(0, 0)"
451,0,0.49719594594594596,True,5.310390579273026,287.4899999999999,True,251,"(0, 0)"
452,0,0.49608108108108107,True,5.359069236066957,288.4899999999999,True,151,"(0, 0)"
453,0,0.4949662162162163,False,5.37080529512175,-2014.9799999999989,False,298,"(0, 0)"
454,0,0.4938513513513514,True,5.148749429540536,-311.93999999999824,True,194,"(0, 0)"
455,0,0.4927364864864865,True,5.2927205225354745,88.48000000000063,True,152,"(0, 0)"
456,0,0.4916216216216217,False,5.211587977089338,-832.9799999999976,False,298,"(0, 0)"
457,0,0.4905067567567567,True,5.067675343065551,88.68000000000002,True,132,"(0, 0)"
458,0,0.4893918918918919,True,5.435762816526759,-312.5399999999977,True,254,"(0, 0)"
459,0,0.488277027027027,False,5.421187478023888,-185.97999999999772,False,298,"(0, 0)"
460,0,0.4871621621621621,False,5.38755527278721,-346.97999999999956,False,298,"(0, 0)"
461,0,0.48604729729729734,True,5.282725341835914,288.28999999999996,True,171,"(0, 0)"
462,0,0.48493243243243245,True,5.248372072974841,88.08000000000096,True,192,"(0, 0)"
463,0,0.48381756756756766,False,5.086712249173414,35.019999999999925,False,298,"(0, 0)"
464,0,0.48270270270270277,True,5.23625912218748,-912.7699999999977,True,277,"(0, 0)"
465,0,0.48158783783783776,True,5.150603444164336,288.09000000000003,True,191,"(0, 0)"
466,0,0.480472972972973,True,5.187330001278927,88.48000000000071,True,152,"(0, 0)"
467,0,0.4793581081081081,True,5.216700066446633,288.09,True,191,"(0, 0)"
468,0,0.4782432432432433,True,5.152298366814329,288.28999999999985,True,171,"(0, 0)"
469,0,0.4771283783783784,True,5.236481395067345,288.09,True,191,"(0, 0)"
470,0,0.4760135135135135,True,5.074204259241621,88.08000000000048,True,192,"(0, 0)"
471,0,0.4748986486486487,True,5.198515162911526,88.2800000000003,True,172,"(0, 0)"
472,0,0.47378378378378383,True,5.441966854078921,-111.72999999999905,True,173,"(0, 0)"
473,0,0.4726689189189188,True,4.993078068775289,87.28000000000182,True,272,"(0, 0)"
474,0,0.47155405405405404,True,5.138902885127442,288.08999999999986,True,191,"(0, 0)"
475,0,0.47043918918918914,True,5.1650109116373395,87.68000000000126,True,232,"(0, 0)"
476,0,0.46932432432432436,False,5.080172562359164,-366.9799999999984,False,298,"(0, 0)"
477,0,0.46820945945945946,True,5.156737221787307,288.4899999999999,True,151,"(0, 0)"
478,0,0.46709459459459457,True,5.2194787797174955,88.48000000000063,True,152,"(0, 0)"
479,0,0.4659797297297298,False,5.174252108439503,-4024.9800000000178,False,298,"(0, 0)"
480,0,0.4648648648648649,True,5.209531134321489,288.6899999999999,True,131,"(0, 0)"
481,0,0.46375,False,5.2331653809387415,-3401.9800000000323,False,298,"(0, 0)"
482,0,0.4626351351351351,True,5.190219933336431,-311.5399999999987,True,154,"(0, 0)"
483,0,0.4615202702702702,True,5.498922088644007,289.0899999999999,True,91,"(0, 0)"
484,0,0.4604054054054054,True,5.32258746215889,288.88999999999993,True,111,"(0, 0)"
485,0,0.4592905405405405,False,5.213715316465237,-567.979999999998,False,298,"(0, 0)"
486,0,0.45817567567567574,False,5.286848816295598,-8205.98000000004,False,298,"(0, 0)"
487,0,0.45706081081081085,True,5.381961920987004,89.08000000000044,True,92,"(0, 0)"
488,0,0.45594594594594595,True,5.152711257679772,288.68999999999994,True,131,"(0, 0)"
489,0,0.45483108108108106,True,5.34603457398467,289.0899999999999,True,91,"(0, 0)"
490,0,0.45371621621621616,True,5.259437291518502,89.08000000000015,True,92,"(0, 0)"
491,0,0.4526013513513514,False,5.09843075235418,-145.97999999999956,False,298,"(0, 0)"
492,0,0.4514864864864865,True,5.2985685581416755,-111.72999999999877,True,173,"(0, 0)"
493,0,0.4503716216216216,True,5.234376573248913,88.48000000000108,True,152,"(0, 0)"
494,0,0.4492567567567568,True,5.410483823194133,-311.5399999999986,True,154,"(0, 0)"
495,0,0.4481418918918919,True,5.095776257214245,288.8899999999999,True,111,"(0, 0)"
496,0,0.4470270270270271,True,4.836802910040091,288.8899999999999,True,111,"(0, 0)"
497,0,0.4459121621621621,True,5.306340457318903,289.0899999999999,True,91,"(0, 0)"
498,0,0.4447972972972972,False,5.187062718724245,-326.9799999999979,False,298,"(0, 0)"
499,0,0.44368243243243244,True,5.0918416898329175,289.0899999999999,True,91,"(0, 0)"
500,0,0.44256756756756754,True,5.126200504993138,88.48000000000003,True,152,"(0, 0)"
501,0,0.44145270270270276,True,5.277727925500204,88.28000000000118,True,172,"(0, 0)"
502,0,0.44033783783783786,True,5.435816678372058,289.0899999999999,True,91,"(0, 0)"
503,0,0.43922297297297297,True,5.22834415108193,288.68999999999994,True,131,"(0, 0)"
504,0,0.4381081081081082,True,5.153321985070032,288.6899999999999,True,131,"(0, 0)"
505,0,0.4369932432432432,True,5.138844268922587,288.6899999999998,True,131,"(0, 0)"
506,0,0.4358783783783784,True,5.134047657478857,288.6899999999998,True,131,"(0, 0)"
507,0,0.4347635135135135,True,5.019056080716901,-111.12999999999909,True,113,"(0, 0)"
508,0,0.4336486486486486,True,5.256198221603326,-111.12999999999914,True,113,"(0, 0)"
509,0,0.4325337837837838,True,5.35675279932668,287.4899999999998,True,251,"(0, 0)"
510,0,0.4314189189189189,True,5.038725510239601,88.88000000000062,True,112,"(0, 0)"
511,0,0.43030405405405414,True,5.011665900548299,288.88999999999993,True,111,"(0, 0)"
512,0,0.42918918918918925,True,5.042134142235706,88.48000000000108,True,152,"(0, 0)"
513,0,0.42807432432432424,False,5.23712115239777,-4205.980000000013,False,298,"(0, 0)"
514,0,0.42695945945945946,False,5.218187463763576,-4205.980000000023,False,298,"(0, 0)"
515,0,0.42584459459459456,False,5.291262693053124,-4607.980000000032,False,298,"(0, 0)"
516,0,0.4247297297297298,True,5.358189536766573,88.68000000000079,True,132,"(0, 0)"
517,0,0.4236148648648649,True,5.3291723771138235,288.8899999999999,True,111,"(0, 0)"
518,0,0.4225,True,5.283721618824177,288.88999999999993,True,111,"(0, 0)"
519,0,0.4213851351351352,True,5.608725092793239,288.6899999999999,True,131,"(0, 0)"
520,0,0.4202702702702703,True,4.915239626222903,288.88999999999993,True,111,"(0, 0)"
521,0,0.4191554054054054,False,5.1748983776009325,-2416.980000000005,False,298,"(0, 0)"
522,0,0.4180405405405405,True,5.600294543850806,-110.92999999999961,True,93,"(0, 0)"
523,0,0.4169256756756756,True,5.292007251902744,288.88999999999993,True,111,"(0, 0)"
524,0,0.41581081081081084,True,5.366099293658276,288.48999999999995,True,151,"(0, 0)"
525,0,0.41469594594594594,True,5.184836068226181,288.68999999999994,True,131,"(0, 0)"
526,0,0.41358108108108116,False,5.438771228262242,-607.9799999999993,False,298,"(0, 0)"
527,0,0.41246621621621626,True,5.141245185673892,289.0899999999999,True,91,"(0, 0)"
528,0,0.41135135135135137,True,5.119482631211753,289.0899999999999,True,91,"(0, 0)"
529,0,0.4102364864864865,True,5.230939577291678,288.88999999999993,True,111,"(0, 0)"
530,0,0.4091216216216216,True,5.280182946495145,288.28999999999985,True,171,"(0, 0)"
531,0,0.4080067567567567,True,5.304080308667872,288.48999999999995,True,151,"(0, 0)"
532,0,0.4068918918918919,True,5.288212977869566,88.28000000000127,True,172,"(0, 0)"
533,0,0.405777027027027,True,5.341178275827776,-2512.8500000000113,True,285,"(0, 0)"
534,0,0.4046621621621622,True,5.526434152864563,-911.9699999999993,True,197,"(0, 0)"
535,0,0.4035472972972973,True,5.427529047899209,-912.5699999999977,True,257,"(0, 0)"
536,0,0.40243243243243243,False,5.452584903512225,-2444.9800000000077,False,298,"(0, 0)"
537,0,0.40131756756756753,False,5.446959663957557,-125.97999999999887,False,298,"(0, 0)"
538,0,0.40020270270270264,True,5.23733790818747,287.68999999999994,True,231,"(0, 0)"
539,0,0.39908783783783786,True,5.217331412023511,87.68000000000018,True,232,"(0, 0)"
540,0,0.39797297297297296,True,5.496550638944108,288.48999999999995,True,151,"(0, 0)"
541,0,0.39685810810810807,False,5.400942770426705,-406.97999999999837,False,298,"(0, 0)"
542,0,0.3957432432432433,False,5.386404616320693,-165.97999999999837,False,298,"(0, 0)"
543,0,0.3946283783783784,True,5.313458432321963,89.08000000000052,True,92,"(0, 0)"
544,0,0.3935135135135136,True,5.473685438599067,287.88999999999993,True,211,"(0, 0)"
545,0,0.3923986486486486,False,5.4158010730807415,-28.979999999999905,False,298,"(0, 0)"
546,0,0.3912837837837837,True,5.264650331530379,-112.72999999999757,True,273,"(0, 0)"
547,0,0.3901689189189189,True,5.327065261064377,-111.12999999999943,True,113,"(0, 0)"
548,0,0.389054054054054,True,5.184049208055843,88.6800000000001,True,132,"(0, 0)"
549,0,0.38793918918918924,True,5.308800827653915,-111.92999999999887,True,193,"(0, 0)"
550,0,0.38682432432432434,True,5.1204086430052405,-911.1699999999989,True,117,"(0, 0)"
551,0,0.38570945945945945,True,5.405432527226613,-111.32999999999936,True,133,"(0, 0)"
552,0,0.38459459459459466,True,5.334569451573131,289.0899999999999,True,91,"(0, 0)"
553,0,0.38347972972972966,True,5.259304573138555,88.08000000000088,True,192,"(0, 0)"
554,0,0.3823648648648649,True,5.452919653183978,-2312.8400000000147,True,284,"(0, 0)"
555,0,0.38125,True,5.264295980862692,-1912.82000000003,True,282,"(0, 0)"
556,0,0.3801351351351351,True,5.515491277563806,-111.52999999999906,True,153,"(0, 0)"
557,0,0.3790202702702703,True,5.4413887783885,88.08000000000108,True,192,"(0, 0)"
558,0,0.3779054054054054,True,5.491406083106995,-3112.8800000000274,True,288,"(0, 0)"
559,0,0.3767905405405406,False,5.405901245622827,-2336.9800000000205,False,298,"(0, 0)"
560,0,0.3756756756756757,False,5.356506529670433,-3743.9800000000387,False,298,"(0, 0)"
561,0,0.37456081081081083,False,5.613969127603825,-1130.9799999999975,False,298,"(0, 0)"
562,0,0.37344594594594593,False,5.425907687052784,-366.9799999999975,False,298,"(0, 0)"
563,0,0.37233108108108104,False,5.30807959753395,55.020000000000124,False,298,"(0, 0)"
564,0,0.37121621621621625,True,5.473580882146761,-311.5399999999986,True,154,"(0, 0)"
565,0,0.37010135135135136,False,5.4400713875789775,75.02000000000002,False,298,"(0, 0)"
566,0,0.36898648648648646,False,5.452999363009561,15.019999999999992,False,298,"(0, 0)"
567,0,0.3678716216216217,False,5.460716098746998,-346.97999999999774,False,298,"(0, 0)"
568,0,0.3667567567567568,False,5.292858258189771,35.02000000000002,False,298,"(0, 0)"
569,0,0.365641891891892,True,5.449834075841037,88.6800000000009,True,132,"(0, 0)"
570,0,0.364527027027027,False,5.495278963306606,-346.97999999999735,False,298,"(0, 0)"
571,0,0.3634121621621621,True,5.307760226315465,87.68000000000043,True,232,"(0, 0)"
572,0,0.3622972972972973,False,5.327455534230943,35.02000000000023,False,298,"(0, 0)"
573,0,0.3611824324324324,False,5.286083765077911,-346.97999999999945,False,298,"(0, 0)"
574,0,0.36006756756756764,False,5.140491134368333,55.02000000000022,False,298,"(0, 0)"
575,0,0.35895270270270274,True,5.3282557740154495,287.49,True,251,"(0, 0)"
576,0,0.35783783783783785,False,5.203562714509516,-165.9799999999997,False,298,"(0, 0)"
577,0,0.35672297297297306,True,5.30771287814858,287.09000000000003,True,291,"(0, 0)"
578,0,0.35560810810810806,True,5.198083382568612,288.48999999999995,True,151,"(0, 0)"
579,0,0.3544932432432433,True,5.214275299566578,288.0899999999999,True,191,"(0, 0)"
580,0,0.3533783783783784,True,5.279791792608657,87.8800000000003,True,212,"(0, 0)"
581,0,0.3522635135135135,False,5.167105937964164,-165.97999999999786,False,298,"(0, 0)"
582,0,0.3511486486486487,False,5.282521773904762,15.020000000000028,False,298,"(0, 0)"
583,0,0.3500337837837838,False,5.206783816718415,-366.97999999999826,False,298,"(0, 0)"
584,0,0.3489189189189189,True,5.280869126794823,287.49000000000007,True,251,"(0, 0)"
585,0,0.3478040540540541,True,5.057616848029838,288.4899999999999,True,151,"(0, 0)"
586,0,0.3466891891891891,False,4.980384357623606,55.020000000000195,False,298,"(0, 0)"
587,0,0.34557432432432433,False,5.037581222169352,35.02000000000005,False,298,"(0, 0)"
588,0,0.34445945945945944,False,4.905788885266989,-1130.979999999998,False,298,"(0, 0)"
589,0,0.34334459459459454,False,4.971176627898377,35.020000000000124,False,298,"(0, 0)"
590,0,0.34222972972972976,True,5.131697956617776,287.6899999999998,True,231,"(0, 0)"
591,0,0.34111486486486486,True,4.82711690132107,88.8800000000007,True,112,"(0, 0)"
592,0,0.3400000000000001,True,4.953911324600121,287.69000000000017,True,231,"(0, 0)"
593,0,0.3388851351351352,True,4.7847994870437685,287.69000000000005,True,231,"(0, 0)"
594,0,0.3377702702702702,True,5.00222480121134,287.2899999999999,True,271,"(0, 0)"
595,0,0.3366554054054054,True,4.7882064777416184,289.0899999999999,True,91,"(0, 0)"
596,0,0.3355405405405405,True,4.855433667517457,288.09000000000003,True,191,"(0, 0)"
597,0,0.3344256756756757,True,4.822073676203954,288.68999999999994,True,131,"(0, 0)"
598,0,0.3333108108108108,True,4.7995215991404665,288.09,True,191,"(0, 0)"
599,0,0.3321959459459459,True,4.609926355897255,87.88000000000066,True,212,"(0, 0)"
600,0,0.33108108108108114,True,4.787805460146721,288.4899999999999,True,151,"(0, 0)"
601,0,0.32996621621621625,True,4.9477047211415055,288.8899999999999,True,111,"(0, 0)"
602,0,0.32885135135135135,True,4.703117003807654,289.0899999999999,True,91,"(0, 0)"
603,0,0.32773648648648646,True,4.757116105472832,-2512.8500000000186,True,285,"(0, 0)"
604,0,0.32662162162162156,True,4.6958564742830875,288.68999999999994,True,131,"(0, 0)"
605,0,0.3255067567567568,False,4.713287031090499,35.02000000000009,False,298,"(0, 0)"
606,0,0.3243918918918919,True,4.543400779814168,-112.32999999999834,True,233,"(0, 0)"
607,0,0.3232770270270271,False,4.698560949139947,-185.97999999999809,False,298,"(0, 0)"
608,0,0.3221621621621622,False,4.815289208552981,75.02000000000008,False,298,"(0, 0)"
609,0,0.3210472972972973,False,4.6617572751621275,-165.97999999999786,False,298,"(0, 0)"
610,0,0.3199324324324324,False,4.677032023068242,35.02000000000016,False,298,"(0, 0)"
611,0,0.3188175675675675,True,4.630784491844037,87.28000000000219,True,272,"(0, 0)"
612,0,0.31770270270270273,True,4.6108219675171425,287.69,True,231,"(0, 0)"
613,0,0.31658783783783784,False,4.479648502481064,-185.97999999999837,False,298,"(0, 0)"
614,0,0.31547297297297294,True,4.787403100245708,288.88999999999993,True,111,"(0, 0)"
615,0,0.31435810810810816,True,4.582553574552087,288.0899999999999,True,191,"(0, 0)"
616,0,0.31324324324324326,False,4.531349533356276,-185.97999999999976,False,298,"(0, 0)"
617,0,0.3121283783783785,True,4.4590498541926475,288.88999999999993,True,111,"(0, 0)"
618,0,0.3110135135135135,True,4.536258582255287,287.8899999999999,True,211,"(0, 0)"
619,0,0.3098986486486486,False,4.528154869407615,-185.97999999999928,False,298,"(0, 0)"
620,0,0.3087837837837838,False,4.607475540781981,35.020000000000195,False,298,"(0, 0)"
621,0,0.3076689189189189,True,4.512729523819445,-112.72999999999956,True,273,"(0, 0)"
622,0,0.3065540540540541,False,4.550726923766552,-185.9799999999994,False,298,"(0, 0)"
623,0,0.3054391891891892,False,4.354374003690361,-185.97999999999894,False,298,"(0, 0)"
624,0,0.3043243243243243,True,4.407997436846717,-512.9499999999973,True,295,"(0, 0)"
625,0,0.30320945945945954,True,4.528699098848829,-111.52999999999906,True,153,"(0, 0)"
626,0,0.30209459459459453,False,4.390681477601096,15.02000000000012,False,298,"(0, 0)"
627,0,0.30097972972972975,False,4.443574283347034,-165.97999999999982,False,298,"(0, 0)"
628,0,0.29986486486486486,True,4.351616247919679,288.68999999999994,True,131,"(0, 0)"
629,0,0.29874999999999996,False,4.274250588561064,-185.97999999999797,False,298,"(0, 0)"
630,0,0.2976351351351352,False,4.27362814925661,-165.97999999999956,False,298,"(0, 0)"
631,0,0.2965202702702703,True,4.405138993820949,288.29,True,171,"(0, 0)"
632,0,0.2954054054054055,True,4.461922081041086,288.0899999999999,True,191,"(0, 0)"
633,0,0.2942905405405406,True,4.4437802362192365,288.0899999999998,True,191,"(0, 0)"
634,0,0.2931756756756756,True,4.376620337708306,288.6899999999999,True,131,"(0, 0)"
635,0,0.2920608108108108,False,4.173409721595329,-4.979999999999945,False,298,"(0, 0)"
636,0,0.2909459459459459,False,4.3234585767624365,-567.9799999999979,False,298,"(0, 0)"
637,0,0.28983108108108113,True,4.365898878088495,287.89000000000004,True,211,"(0, 0)"
638,0,0.28871621621621624,False,4.24353008582288,-386.9799999999987,False,298,"(0, 0)"
639,0,0.28760135135135134,True,3.9137426478262167,288.68999999999994,True,131,"(0, 0)"
640,0,0.28648648648648656,False,4.129699833841132,-748.979999999998,False,298,"(0, 0)"
641,0,0.28537162162162166,True,4.297795555063787,288.68999999999994,True,131,"(0, 0)"
642,0,0.28425675675675666,False,4.217881709737266,-3964.9800000000196,False,298,"(0, 0)"
643,0,0.2831418918918919,False,4.336452449728179,-567.9799999999973,False,298,"(0, 0)"
644,0,0.282027027027027,True,4.406063986698371,288.09000000000003,True,191,"(0, 0)"
645,0,0.2809121621621622,True,4.127446106727549,288.48999999999995,True,151,"(0, 0)"
646,0,0.2797972972972973,False,4.42408747921054,-4.980000000000016,False,298,"(0, 0)"
647,0,0.2786824324324324,True,4.136581822876682,287.89000000000004,True,211,"(0, 0)"
648,0,0.2775675675675676,False,4.1625418034975965,-185.97999999999894,False,298,"(0, 0)"
649,0,0.2764527027027027,True,4.125464931973871,87.88000000000143,True,212,"(0, 0)"
650,0,0.27533783783783783,False,4.207419909086804,35.02000000000009,False,298,"(0, 0)"
651,0,0.27422297297297293,True,4.241206520434582,88.6800000000009,True,132,"(0, 0)"
652,0,0.27310810810810804,True,4.301267980474286,-111.12999999999903,True,113,"(0, 0)"
653,0,0.27199324324324325,True,4.264728595295224,287.89000000000004,True,211,"(0, 0)"
654,0,0.27087837837837836,False,4.212155596321861,35.020000000000124,False,298,"(0, 0)"
655,0,0.2697635135135136,False,4.217422510953558,-165.97999999999743,False,298,"(0, 0)"
656,0,0.2686486486486487,False,4.061300491726638,-386.9799999999991,False,298,"(0, 0)"
657,0,0.2675337837837838,False,4.1120235075886615,35.02000000000016,False,298,"(0, 0)"
658,0,0.2664189189189189,True,4.109336208641734,287.09000000000003,True,291,"(0, 0)"
659,0,0.265304054054054,False,4.131669097698775,-165.9799999999982,False,298,"(0, 0)"
660,0,0.2641891891891892,False,4.098298820873235,15.02000000000012,False,298,"(0, 0)"
661,0,0.2630743243243243,False,4.045684445824399,-185.97999999999735,False,298,"(0, 0)"
662,0,0.2619594594594594,False,4.137110423321692,-185.97999999999888,False,298,"(0, 0)"
663,0,0.26084459459459464,True,3.960134680944545,288.68999999999994,True,131,"(0, 0)"
664,0,0.25972972972972974,False,4.076091130307857,-728.9799999999981,False,298,"(0, 0)"
665,0,0.25861486486486496,True,4.0988785992742205,288.09,True,191,"(0, 0)"
666,0,0.25750000000000006,True,4.07076007506204,87.48000000000019,True,252,"(0, 0)"
667,0,0.25638513513513506,False,3.9352750642187644,-185.97999999999968,False,298,"(0, 0)"
668,0,0.25527027027027027,False,4.068256490982619,-205.97999999999925,False,298,"(0, 0)"
669,0,0.2541554054054054,True,3.9752370373983132,88.47999999999999,True,152,"(0, 0)"
670,0,0.2530405405405406,False,4.152160837546291,-607.979999999998,False,298,"(0, 0)"
671,0,0.2519256756756757,True,3.9990546227726216,87.08000000000052,True,292,"(0, 0)"
672,0,0.2508108108108108,False,4.009452523201104,-386.97999999999735,False,298,"(0, 0)"
673,0,0.24969594594594602,False,3.964651683032913,-346.97999999999774,False,298,"(0, 0)"
674,0,0.24858108108108112,False,4.004523296484211,75.0200000000001,False,298,"(0, 0)"
675,0,0.24746621621621623,True,3.91656069001791,287.09,True,291,"(0, 0)"
676,0,0.24635135135135133,False,4.02506722419854,-165.97999999999735,False,298,"(0, 0)"
677,0,0.24523648648648644,False,3.9921353253342162,-165.97999999999928,False,298,"(0, 0)"
678,0,0.24412162162162165,False,3.880549937286633,-125.97999999999978,False,298,"(0, 0)"
679,0,0.24300675675675676,False,3.8824847948631183,35.02000000000004,False,298,"(0, 0)"
680,0,0.24189189189189197,True,3.8455908293761905,87.48000000000073,True,252,"(0, 0)"
681,0,0.24077702702702708,False,3.8180132912309377,-366.9799999999974,False,298,"(0, 0)"
682,0,0.23966216216216218,True,3.875817848936371,89.08000000000044,True,92,"(0, 0)"
683,0,0.2385472972972973,True,3.8758970140974163,-112.72999999999803,True,273,"(0, 0)"
684,0,0.2374324324324324,False,3.7962499860949164,-1170.9799999999982,False,298,"(0, 0)"
685,0,0.2363175675675676,True,3.864328797536952,288.68999999999994,True,131,"(0, 0)"
686,0,0.23520270270270272,False,3.911611161376006,-165.97999999999868,False,298,"(0, 0)"
687,0,0.23408783783783782,True,3.764342429711647,287.0899999999999,True,291,"(0, 0)"
688,0,0.23297297297297304,True,3.7996467069426982,287.88999999999993,True,211,"(0, 0)"
689,0,0.23185810810810814,True,3.946367303093711,289.0899999999999,True,91,"(0, 0)"
690,0,0.23074324324324336,True,3.914753757417202,88.080000000001,True,192,"(0, 0)"
691,0,0.22962837837837835,True,3.849971247695343,288.28999999999996,True,171,"(0, 0)"
692,0,0.22851351351351346,False,3.9274734982708157,35.01999999999998,False,298,"(0, 0)"
693,0,0.22739864864864867,True,3.704842872529233,287.88999999999993,True,211,"(0, 0)"
694,0,0.22628378378378378,False,3.829260690500272,35.02000000000002,False,298,"(0, 0)"
695,0,0.22516891891891888,True,3.6823860197835625,287.89,True,211,"(0, 0)"
696,0,0.2240540540540541,False,3.711917178142791,-165.97999999999888,False,298,"(0, 0)"
697,0,0.2229391891891892,True,3.691428776024378,288.28999999999996,True,171,"(0, 0)"
698,0,0.22182432432432442,False,3.643107440647663,15.019999999999978,False,298,"(0, 0)"
699,0,0.2207094594594594,False,3.61362130869955,-165.97999999999902,False,298,"(0, 0)"
700,0,0.21959459459459452,True,3.4132358834340977,287.68999999999994,True,231,"(0, 0)"
701,0,0.21847972972972973,True,3.653728301034254,-1112.3799999999983,True,238,"(0, 0)"
702,0,0.21736486486486484,False,3.723036075298418,35.02000000000005,False,298,"(0, 0)"
703,0,0.21625000000000005,False,3.761969913572273,75.02000000000008,False,298,"(0, 0)"
704,0,0.21513513513513516,True,3.730803296095183,-1112.3799999999994,True,238,"(0, 0)"
705,0,0.21402027027027026,False,3.580265180376552,35.01999999999998,False,298,"(0, 0)"
706,0,0.21290540540540548,True,3.675895656014348,288.88999999999993,True,111,"(0, 0)"
707,0,0.21179054054054047,False,3.6144631136983834,35.02000000000005,False,298,"(0, 0)"
708,0,0.2106756756756757,False,3.564032075689143,35.02000000000009,False,298,"(0, 0)"
709,0,0.2095608108108108,False,3.5435639867846596,15.019999999999992,False,298,"(0, 0)"
710,0,0.2084459459459459,True,3.5661665773580946,87.4800000000009,True,252,"(0, 0)"
711,0,0.20733108108108111,True,3.541673816592488,288.48999999999995,True,151,"(0, 0)"
712,0,0.20621621621621622,False,3.5420597499648996,-165.97999999999868,False,298,"(0, 0)"
713,0,0.20510135135135144,False,3.6118493108141343,-165.97999999999755,False,298,"(0, 0)"
714,0,0.20398648648648654,True,3.5760752579995563,87.4800000000003,True,252,"(0, 0)"
715,0,0.20287162162162153,False,3.5295204042188275,-768.9799999999975,False,298,"(0, 0)"
716,0,0.20175675675675675,True,3.3267249997173036,88.88000000000025,True,112,"(0, 0)"
717,0,0.20064189189189185,True,3.414066172593477,288.4899999999999,True,151,"(0, 0)"
718,0,0.19952702702702707,False,3.3793703379647044,-165.97999999999894,False,298,"(0, 0)"
719,0,0.19841216216216218,True,3.584257621918955,-4912.170000000035,True,217,"(0, 0)"
720,0,0.19729729729729728,True,3.9509926444881565,289.0899999999999,True,91,"(0, 0)"
721,0,0.1961824324324325,False,3.5789799674245337,35.02000000000007,False,298,"(0, 0)"
722,0,0.1950675675675676,True,3.549172367875939,288.48999999999995,True,151,"(0, 0)"
723,0,0.1939527027027027,False,3.420875575118417,35.01999999999999,False,298,"(0, 0)"
724,0,0.1928378378378378,False,3.3533790307557023,-165.97999999999828,False,298,"(0, 0)"
725,0,0.19172297297297292,False,3.3725541240016885,-165.9799999999985,False,298,"(0, 0)"
726,0,0.19060810810810813,True,3.4206594604712266,-1512.5999999999979,True,260,"(0, 0)"
727,0,0.18949324324324324,False,3.3634021092181237,35.02000000000016,False,298,"(0, 0)"
728,0,0.18837837837837845,True,3.4940503364458135,288.09,True,191,"(0, 0)"
729,0,0.18726351351351356,False,3.652621664856904,35.020000000000195,False,298,"(0, 0)"
730,0,0.18614864864864866,True,3.432647315500019,288.8899999999999,True,111,"(0, 0)"
731,0,0.18503378378378377,False,3.3551203710520827,35.02000000000014,False,298,"(0, 0)"
732,0,0.18391891891891887,False,3.2732893944586685,-567.9799999999989,False,298,"(0, 0)"
733,0,0.1828040540540541,True,3.3942503552687797,88.48000000000049,True,152,"(0, 0)"
734,0,0.1816891891891892,False,3.2733759974073244,-165.97999999999956,False,298,"(0, 0)"
735,0,0.1805743243243243,False,3.410943310932825,-165.9799999999991,False,298,"(0, 0)"
736,0,0.1794594594594595,False,3.373129299223023,35.02000000000026,False,298,"(0, 0)"
737,0,0.17834459459459462,True,3.2791535724077794,288.49,True,151,"(0, 0)"
738,0,0.17722972972972983,False,3.3315198085452087,-165.97999999999735,False,298,"(0, 0)"
739,0,0.17611486486486483,True,3.2144181367122764,88.68000000000082,True,132,"(0, 0)"
740,0,0.17499999999999993,True,3.330173326777173,287.69,True,231,"(0, 0)"
741,0,0.17388513513513515,False,3.2752692307401823,-366.9799999999978,False,298,"(0, 0)"
742,0,0.17277027027027025,False,3.253371285712159,35.020000000000124,False,298,"(0, 0)"
743,0,0.17165540540540547,True,3.2222125094063236,288.49,True,151,"(0, 0)"
744,0,0.17054054054054057,True,3.2410587070220642,-912.7699999999984,True,277,"(0, 0)"
745,0,0.16942567567567568,False,3.3795116991804752,-165.97999999999877,False,298,"(0, 0)"
746,0,0.1683108108108109,False,3.3712558858346617,15.020000000000156,False,298,"(0, 0)"
747,0,0.1671959459459459,True,3.32884553167969,88.08000000000071,True,192,"(0, 0)"
748,0,0.1660810810810811,True,3.3817252091442547,88.08000000000128,True,192,"(0, 0)"
749,0,0.1649662162162162,True,3.380402935962928,88.48000000000023,True,152,"(0, 0)"
750,0,0.16385135135135132,True,3.299801351012368,88.48000000000108,True,152,"(0, 0)"
751,0,0.16273648648648653,True,3.2502480133665794,288.0899999999999,True,191,"(0, 0)"
752,0,0.16162162162162164,True,3.257017396591805,288.88999999999993,True,111,"(0, 0)"
753,0,0.16050675675675674,True,3.134676388986818,289.0899999999999,True,91,"(0, 0)"
754,0,0.15939189189189196,True,3.168839834306551,89.08000000000015,True,92,"(0, 0)"
755,0,0.15827702702702695,True,3.243554729710585,-1311.5899999999988,True,159,"(0, 0)"
756,0,0.15716216216216217,True,3.0872825500757797,89.08000000000015,True,92,"(0, 0)"
757,0,0.15604729729729727,False,3.273813281883329,-165.9799999999978,False,298,"(0, 0)"
758,0,0.15493243243243238,True,3.1709494514487933,287.8900000000001,True,211,"(0, 0)"
759,0,0.1538175675675676,True,3.311112342500373,88.48000000000015,True,152,"(0, 0)"
760,0,0.1527027027027027,True,3.240589800771776,289.0899999999999,True,91,"(0, 0)"
761,0,0.1515878378378379,True,3.131188446874017,288.88999999999993,True,111,"(0, 0)"
762,0,0.15047297297297302,True,3.2899240965151604,288.68999999999994,True,131,"(0, 0)"
763,0,0.149358108108108,True,2.8850178594117635,289.0899999999999,True,91,"(0, 0)"
764,0,0.14824324324324323,True,2.9679003218272784,288.88999999999993,True,111,"(0, 0)"
765,0,0.14712837837837833,True,3.2528498999707334,288.8899999999999,True,111,"(0, 0)"
766,0,0.14601351351351355,True,3.3565393695656542,288.09000000000003,True,191,"(0, 0)"
767,0,0.14489864864864865,True,3.234376483672374,288.88999999999993,True,111,"(0, 0)"
768,0,0.14378378378378376,True,3.2275394813434497,288.88999999999993,True,111,"(0, 0)"
769,0,0.14266891891891897,True,3.1859240793919827,289.0899999999999,True,91,"(0, 0)"
770,0,0.14155405405405408,True,3.1459625461899425,287.49,True,251,"(0, 0)"
771,0,0.14043918918918918,True,3.6193083602449168,89.08000000000052,True,92,"(0, 0)"
772,0,0.1393243243243243,True,3.0994671019879014,289.0899999999999,True,91,"(0, 0)"
773,0,0.1382094594594594,True,2.9558404238669427,289.0899999999999,True,91,"(0, 0)"
774,0,0.1370945945945946,True,3.0154255890584256,289.0899999999999,True,91,"(0, 0)"
775,0,0.13597972972972971,True,3.172596809055124,88.88000000000062,True,112,"(0, 0)"
776,0,0.13486486486486493,True,3.2867398805670685,289.0899999999999,True,91,"(0, 0)"
777,0,0.13375000000000004,False,3.225267091653491,55.02000000000026,False,298,"(0, 0)"
778,0,0.13263513513513514,True,3.141522601649568,288.88999999999993,True,111,"(0, 0)"
779,0,0.13152027027027036,True,3.2059324829133002,289.0899999999999,True,91,"(0, 0)"
780,0,0.13040540540540535,True,3.148941928779842,288.49,True,151,"(0, 0)"
781,0,0.12929054054054057,True,3.286288758655926,288.8899999999999,True,111,"(0, 0)"
782,0,0.12817567567567567,True,3.009959214061271,288.68999999999994,True,131,"(0, 0)"
783,0,0.12706081081081078,True,3.449454130707206,289.0899999999999,True,91,"(0, 0)"
784,0,0.125945945945946,True,3.1738910308251014,289.0899999999999,True,91,"(0, 0)"
785,0,0.1248310810810811,True,3.0610491050468696,289.0899999999999,True,91,"(0, 0)"
786,0,0.12371621621621631,True,3.2809813153612746,289.0899999999999,True,91,"(0, 0)"
787,0,0.12260135135135142,True,3.2820588245496647,289.0899999999999,True,91,"(0, 0)"
788,0,0.12148648648648641,True,3.424031507324528,288.88999999999993,True,111,"(0, 0)"
789,0,0.12037162162162163,True,3.4339360679898943,289.0899999999999,True,91,"(0, 0)"
790,0,0.11925675675675673,True,3.284094986708268,89.08000000000007,True,92,"(0, 0)"
791,0,0.11814189189189195,True,3.0130961615960676,289.0899999999999,True,91,"(0, 0)"
792,0,0.11702702702702705,True,3.186389420483563,288.8899999999999,True,111,"(0, 0)"
793,0,0.11591216216216216,True,3.2406078570491665,289.0899999999999,True,91,"(0, 0)"
794,0,0.11479729729729737,True,3.1076929323051288,89.08000000000007,True,92,"(0, 0)"
795,0,0.11368243243243248,True,2.8546718657016754,-111.1299999999992,True,113,"(0, 0)"
796,0,0.11256756756756758,True,3.250156202159085,289.0899999999999,True,91,"(0, 0)"
797,0,0.11145270270270269,False,3.0493325395072066,35.0200000000002,False,298,"(0, 0)"
798,0,0.1103378378378378,True,3.1759860004697527,289.0899999999999,True,91,"(0, 0)"
799,0,0.10922297297297301,True,3.1445666132392462,289.0899999999999,True,91,"(0, 0)"
800,0,0.10810810810810811,True,3.028909312859746,288.68999999999994,True,131,"(0, 0)"
801,0,0.10699324324324333,True,3.0289124649959605,289.0899999999999,True,91,"(0, 0)"
802,0,0.10587837837837843,True,3.379053990478101,89.08000000000052,True,92,"(0, 0)"
803,0,0.10476351351351354,True,2.819242481346969,289.0899999999999,True,91,"(0, 0)"
804,0,0.10364864864864864,True,3.056226853485946,289.0899999999999,True,91,"(0, 0)"
805,0,0.10253378378378375,True,2.9838503035870225,289.0899999999999,True,91,"(0, 0)"
806,0,0.10141891891891885,True,3.1810404049171197,289.0899999999999,True,91,"(0, 0)"
807,0,0.10030405405405407,True,2.893531560570329,289.0899999999999,True,91,"(0, 0)"
808,0,0.09918918918918918,True,3.0492583566151383,-112.92999999999779,True,293,"(0, 0)"
809,0,0.09807432432432439,True,3.1548566150141286,289.0899999999999,True,91,"(0, 0)"
810,0,0.0969594594594595,True,3.1640511778023868,288.8899999999999,True,111,"(0, 0)"
811,0,0.0958445945945946,True,3.1773825870765435,289.0899999999999,True,91,"(0, 0)"
812,0,0.0947297297297297,True,3.093905965050498,289.0899999999999,True,91,"(0, 0)"
813,0,0.09361486486486481,True,2.9894392103939267,289.0899999999999,True,91,"(0, 0)"
814,0,0.09250000000000003,True,3.0042167639994357,289.0899999999999,True,91,"(0, 0)"
815,0,0.09138513513513513,True,2.922473553064707,288.8899999999999,True,111,"(0, 0)"
816,0,0.09027027027027024,True,3.204314206982707,289.0899999999999,True,91,"(0, 0)"
817,0,0.08915540540540545,False,3.0538796620480966,35.02000000000027,False,298,"(0, 0)"
818,0,0.08804054054054056,True,2.9423059094083177,289.0899999999999,True,91,"(0, 0)"
819,0,0.08692567567567577,True,3.088288194530613,289.0899999999999,True,91,"(0, 0)"
820,0,0.08581081081081077,True,2.9518826616989386,289.0899999999999,True,91,"(0, 0)"
821,0,0.08469594594594587,True,2.9430992020355475,289.0899999999999,True,91,"(0, 0)"
822,0,0.08358108108108109,True,3.3066272342598046,289.0899999999999,True,91,"(0, 0)"
823,0,0.08246621621621619,True,2.8791738040005135,288.48999999999995,True,151,"(0, 0)"
824,0,0.08135135135135141,True,2.985951981028995,288.88999999999993,True,111,"(0, 0)"
825,0,0.08023648648648651,True,2.889551580607236,289.0899999999999,True,91,"(0, 0)"
826,0,0.07912162162162162,True,3.0216683201737458,289.0899999999999,True,91,"(0, 0)"
827,0,0.07800675675675683,True,2.988547418568585,288.8899999999999,True,111,"(0, 0)"
828,0,0.07689189189189183,True,3.1349246131849813,289.0899999999999,True,91,"(0, 0)"
829,0,0.07577702702702704,True,2.8524277010461785,289.0899999999999,True,91,"(0, 0)"
830,0,0.07466216216216215,True,2.986227129514401,289.0899999999999,True,91,"(0, 0)"
831,0,0.07354729729729725,True,2.9412250178200856,289.0899999999999,True,91,"(0, 0)"
832,0,0.07243243243243247,True,3.0274871849751737,289.0899999999999,True,91,"(0, 0)"
833,0,0.07131756756756757,True,2.901657862322671,289.0899999999999,True,91,"(0, 0)"
834,0,0.07020270270270279,True,3.008897546883468,289.0899999999999,True,91,"(0, 0)"
835,0,0.0690878378378379,True,3.1859324354192484,89.08000000000015,True,92,"(0, 0)"
836,0,0.06797297297297289,True,2.972711688214606,289.0899999999999,True,91,"(0, 0)"
837,0,0.0668581081081081,True,2.8824520900442794,288.88999999999993,True,111,"(0, 0)"
838,0,0.06574324324324321,True,3.039070114002123,289.0899999999999,True,91,"(0, 0)"
839,0,0.06462837837837843,True,2.916730896457211,289.0899999999999,True,91,"(0, 0)"
840,0,0.06351351351351353,True,2.9591567987924092,289.0899999999999,True,91,"(0, 0)"
841,0,0.062398648648648636,True,3.0390471809512967,289.0899999999999,True,91,"(0, 0)"
842,0,0.06128378378378385,True,3.1904954083330996,288.88999999999993,True,111,"(0, 0)"
843,0,0.06016891891891896,True,2.919438349676656,289.0899999999999,True,91,"(0, 0)"
844,0,0.05905405405405406,True,2.9282340165022966,289.0899999999999,True,91,"(0, 0)"
845,0,0.057939189189189166,True,2.9602507745826636,289.0899999999999,True,91,"(0, 0)"
846,0,0.05682432432432427,True,3.2555085315809147,289.0899999999999,True,91,"(0, 0)"
847,0,0.05570945945945949,True,2.8099437185696194,289.0899999999999,True,91,"(0, 0)"
848,0,0.05459459459459459,True,2.805492097859854,289.0899999999999,True,91,"(0, 0)"
849,0,0.05347972972972981,True,2.9119884851186173,89.08000000000007,True,92,"(0, 0)"
850,0,0.05236486486486491,True,2.8372689834586136,288.88999999999993,True,111,"(0, 0)"
851,0,0.05125000000000002,True,3.114046567088955,289.0899999999999,True,91,"(0, 0)"
852,0,0.05013513513513512,True,3.020973259276086,289.0899999999999,True,91,"(0, 0)"
853,0,0.04902027027027023,True,3.044832148394742,289.0899999999999,True,91,"(0, 0)"
854,0,0.04790540540540544,True,2.931154109619476,289.0899999999999,True,91,"(0, 0)"
855,0,0.04679054054054055,True,2.9593158056447795,289.0899999999999,True,91,"(0, 0)"
856,0,0.04567567567567565,True,3.022135386755178,289.0899999999999,True,91,"(0, 0)"
857,0,0.04456081081081087,True,3.070862358743018,289.0899999999999,True,91,"(0, 0)"
858,0,0.043445945945945974,True,2.963776613329793,289.0899999999999,True,91,"(0, 0)"
859,0,0.04233108108108119,True,2.8512045469257856,289.0899999999999,True,91,"(0, 0)"
860,0,0.041216216216216184,True,3.039817343046377,289.0899999999999,True,91,"(0, 0)"
861,0,0.04010135135135129,True,3.0420390732653506,288.88999999999993,True,111,"(0, 0)"
862,0,0.038986486486486505,True,2.999151892059452,289.0899999999999,True,91,"(0, 0)"
863,0,0.03787162162162161,True,2.9554114012836337,288.8899999999999,True,111,"(0, 0)"
864,0,0.036756756756756714,True,3.0245207718440463,289.0899999999999,True,91,"(0, 0)"
865,0,0.03564189189189193,True,2.869029449892568,289.0899999999999,True,91,"(0, 0)"
866,0,0.034527027027027035,True,2.6342234978309045,289.0899999999999,True,91,"(0, 0)"
867,0,0.03341216216216225,True,2.97511538203436,288.6899999999999,True,131,"(0, 0)"
868,0,0.032297297297297245,True,2.87040843806424,289.0899999999999,True,91,"(0, 0)"
869,0,0.03118243243243235,True,2.9167715350350183,289.0899999999999,True,91,"(0, 0)"
870,0,0.030067567567567566,True,2.8823492035760983,289.0899999999999,True,91,"(0, 0)"
871,0,0.02895270270270267,True,2.6542022300290538,289.0899999999999,True,91,"(0, 0)"
872,0,0.027837837837837887,True,2.992998393682333,289.0899999999999,True,91,"(0, 0)"
873,0,0.02672297297297299,True,2.8081870878135766,289.0899999999999,True,91,"(0, 0)"
874,0,0.025608108108108096,True,2.8327921497952806,289.0899999999999,True,91,"(0, 0)"
875,0,0.024493243243243312,True,3.0462783116560717,289.0899999999999,True,91,"(0, 0)"
876,0,0.023378378378378306,True,2.9821714130076735,289.0899999999999,True,91,"(0, 0)"
877,0,0.022263513513513522,True,2.8186728921565383,289.0899999999999,True,91,"(0, 0)"
878,0,0.021148648648648627,True,2.997425805736374,289.0899999999999,True,91,"(0, 0)"
879,0,0.020033783783783732,True,2.864601637866046,288.89,True,111,"(0, 0)"
880,0,0.018918918918918948,True,2.7082060542735427,289.0899999999999,True,91,"(0, 0)"
881,0,0.017804054054054053,True,3.1632616277579424,289.0899999999999,True,91,"(0, 0)"
882,0,0.01668918918918927,True,3.037715575852237,289.0899999999999,True,91,"(0, 0)"
883,0,0.015574324324324373,True,2.954137696014656,289.0899999999999,True,91,"(0, 0)"
884,0,0.014459459459459367,True,2.965370767719143,289.0899999999999,True,91,"(0, 0)"
885,0,0.013344594594594583,True,2.7474189839520298,289.0899999999999,True,91,"(0, 0)"
886,0,0.012229729729729688,True,2.891849086834834,289.0899999999999,True,91,"(0, 0)"
887,0,0.011114864864864904,True,3.045408941232241,289.0899999999999,True,91,"(0, 0)"
888,0,0.010000000000000009,True,3.0995384074829437,289.0899999999999,True,91,"(0, 0)"
889,0,0.01,True,2.9847199543491825,289.0899999999999,True,91,"(0, 0)"
890,0,0.01,True,3.045379163144709,289.0899999999999,True,91,"(0, 0)"
891,0,0.01,True,3.0775679376099134,289.0899999999999,True,91,"(0, 0)"
892,0,0.01,True,2.996530852475009,289.0899999999999,True,91,"(0, 0)"
893,0,0.01,True,2.8471623338185825,289.0899999999999,True,91,"(0, 0)"
894,0,0.01,True,3.042942260647868,289.0899999999999,True,91,"(0, 0)"
895,0,0.01,True,2.851898798575768,289.0899999999999,True,91,"(0, 0)"
896,0,0.01,True,2.92235100203818,289.0899999999999,True,91,"(0, 0)"
897,0,0.01,True,2.902876675783933,289.0899999999999,True,91,"(0, 0)"
898,0,0.01,True,2.6960157745487088,289.0899999999999,True,91,"(0, 0)"
899,0,0.01,True,2.671202853485778,289.0899999999999,True,91,"(0, 0)"
900,0,0.01,True,2.910688726456611,289.0899999999999,True,91,"(0, 0)"
901,0,0.01,True,2.966790783208805,289.0899999999999,True,91,"(0, 0)"
902,0,0.01,True,2.7815780272850623,289.0899999999999,True,91,"(0, 0)"
903,0,0.01,True,2.8185917263502605,289.0899999999999,True,91,"(0, 0)"
904,0,0.01,True,2.719519009956947,289.0899999999999,True,91,"(0, 0)"
905,0,0.01,True,3.017259340364854,289.0899999999999,True,91,"(0, 0)"
906,0,0.01,True,2.8034138600904863,289.0899999999999,True,91,"(0, 0)"
907,0,0.01,True,2.617518585461837,289.0899999999999,True,91,"(0, 0)"
908,0,0.01,True,2.941882167543684,289.0899999999999,True,91,"(0, 0)"
909,0,0.01,True,3.019209924634996,289.0899999999999,True,91,"(0, 0)"
910,0,0.01,True,2.943297810606904,289.0899999999999,True,91,"(0, 0)"
911,0,0.01,True,2.9310228569167003,289.0899999999999,True,91,"(0, 0)"
912,0,0.01,True,2.9365500639314237,89.08000000000007,True,92,"(0, 0)"
913,0,0.01,True,2.805457675195002,289.0899999999999,True,91,"(0, 0)"
914,0,0.01,True,2.981797545820802,289.0899999999999,True,91,"(0, 0)"
915,0,0.01,True,2.855355835222936,289.0899999999999,True,91,"(0, 0)"
916,0,0.01,True,2.8732719093888672,289.0899999999999,True,91,"(0, 0)"
917,0,0.01,True,2.8946551218792633,289.0899999999999,True,91,"(0, 0)"
918,0,0.01,True,2.833484873994366,289.0899999999999,True,91,"(0, 0)"
919,0,0.01,True,2.9009656565529958,289.0899999999999,True,91,"(0, 0)"
920,0,0.01,True,2.9734787865801975,288.89,True,111,"(0, 0)"
921,0,0.01,True,2.7482074315731344,289.0899999999999,True,91,"(0, 0)"
922,0,0.01,True,2.942485307599162,289.0899999999999,True,91,"(0, 0)"
923,0,0.01,True,2.87450412603525,289.0899999999999,True,91,"(0, 0)"
924,0,0.01,True,2.801429958788903,289.0899999999999,True,91,"(0, 0)"
925,0,0.01,True,2.741330091769879,289.0899999999999,True,91,"(0, 0)"
926,0,0.01,True,2.8797602384955017,289.0899999999999,True,91,"(0, 0)"
927,0,0.01,True,2.9760176690070184,289.0899999999999,True,91,"(0, 0)"
928,0,0.01,True,2.9760327614270725,289.0899999999999,True,91,"(0, 0)"
929,0,0.01,True,2.9939544858696223,288.8899999999999,True,111,"(0, 0)"
930,0,0.01,True,2.91700256722314,289.0899999999999,True,91,"(0, 0)"
931,0,0.01,True,2.918059920871651,289.0899999999999,True,91,"(0, 0)"
932,0,0.01,True,2.882792108661526,289.0899999999999,True,91,"(0, 0)"
933,0,0.01,True,3.0096113812792433,289.0899999999999,True,91,"(0, 0)"
934,0,0.01,True,2.8499259857031016,289.0899999999999,True,91,"(0, 0)"
935,0,0.01,True,2.8455974806796065,289.0899999999999,True,91,"(0, 0)"
936,0,0.01,True,2.8368009669440135,289.0899999999999,True,91,"(0, 0)"
937,0,0.01,True,3.0019118248761356,289.0899999999999,True,91,"(0, 0)"
938,0,0.01,True,2.7338861502133884,289.0899999999999,True,91,"(0, 0)"
939,0,0.01,True,2.685798338481358,289.0899999999999,True,91,"(0, 0)"
940,0,0.01,True,2.9216739594281376,289.0899999999999,True,91,"(0, 0)"
941,0,0.01,True,2.8980567966188704,289.0899999999999,True,91,"(0, 0)"
942,0,0.01,True,2.8296394990040707,289.0899999999999,True,91,"(0, 0)"
943,0,0.01,True,2.812961833817618,289.0899999999999,True,91,"(0, 0)"
944,0,0.01,True,2.9953532494031467,289.0899999999999,True,91,"(0, 0)"
945,0,0.01,True,2.9239882198008864,289.0899999999999,True,91,"(0, 0)"
946,0,0.01,True,2.7792817459001644,289.0899999999999,True,91,"(0, 0)"
947,0,0.01,True,2.8259820564762577,289.0899999999999,True,91,"(0, 0)"
948,0,0.01,True,3.0597693658137057,289.0899999999999,True,91,"(0, 0)"
949,0,0.01,True,2.938427698481214,289.0899999999999,True,91,"(0, 0)"
950,0,0.01,True,2.935303555740105,289.0899999999999,True,91,"(0, 0)"
951,0,0.01,True,2.967128064606216,289.0899999999999,True,91,"(0, 0)"
952,0,0.01,True,3.017295078916864,289.0899999999999,True,91,"(0, 0)"
953,0,0.01,True,3.074973146994035,289.0899999999999,True,91,"(0, 0)"
954,0,0.01,True,2.922593830051003,289.0899999999999,True,91,"(0, 0)"
955,0,0.01,True,2.916394128904238,289.0899999999999,True,91,"(0, 0)"
956,0,0.01,True,3.0463955402374268,289.0899999999999,True,91,"(0, 0)"
957,0,0.01,True,2.8177074940650018,289.0899999999999,True,91,"(0, 0)"
958,0,0.01,True,2.8237039820178524,289.0899999999999,True,91,"(0, 0)"
959,0,0.01,True,3.0054515914602593,289.0899999999999,True,91,"(0, 0)"
960,0,0.01,True,2.890446330819811,289.0899999999999,True,91,"(0, 0)"
961,0,0.01,True,2.754793575831822,289.0899999999999,True,91,"(0, 0)"
962,0,0.01,True,3.058390880679036,289.0899999999999,True,91,"(0, 0)"
963,0,0.01,True,2.968720658139868,289.0899999999999,True,91,"(0, 0)"
964,0,0.01,True,2.7070093230231778,289.0899999999999,True,91,"(0, 0)"
965,0,0.01,True,2.8761488742880768,289.0899999999999,True,91,"(0, 0)"
966,0,0.01,True,2.9594964430882382,289.0899999999999,True,91,"(0, 0)"
967,0,0.01,True,3.041660229583363,289.0899999999999,True,91,"(0, 0)"
968,0,0.01,True,2.9448200405299008,289.0899999999999,True,91,"(0, 0)"
969,0,0.01,True,2.9787515290490876,289.0899999999999,True,91,"(0, 0)"
970,0,0.01,True,2.833878834823986,289.0899999999999,True,91,"(0, 0)"
971,0,0.01,True,2.8802750470874074,289.0899999999999,True,91,"(0, 0)"
972,0,0.01,True,2.831968080866468,289.0899999999999,True,91,"(0, 0)"
973,0,0.01,True,2.787394716189458,289.0899999999999,True,91,"(0, 0)"
974,0,0.01,True,2.9002435168067175,289.0899999999999,True,91,"(0, 0)"
975,0,0.01,True,3.0709034381331977,289.0899999999999,True,91,"(0, 0)"
976,0,0.01,True,2.907462795357128,289.0899999999999,True,91,"(0, 0)"
977,0,0.01,True,3.0089304001776727,289.0899999999999,True,91,"(0, 0)"
978,0,0.01,True,3.2313408019778493,289.0899999999999,True,91,"(0, 0)"
979,0,0.01,True,2.868602698975867,289.0899999999999,True,91,"(0, 0)"
980,0,0.01,True,3.0775859218377333,289.0899999999999,True,91,"(0, 0)"
981,0,0.01,True,2.8838584979811865,289.0899999999999,True,91,"(0, 0)"
982,0,0.01,True,3.1713017159765893,289.0899999999999,True,91,"(0, 0)"
983,0,0.01,True,2.910357040363354,289.0899999999999,True,91,"(0, 0)"
984,0,0.01,True,2.781347957286206,289.0899999999999,True,91,"(0, 0)"
985,0,0.01,True,2.8043709443165707,289.0899999999999,True,91,"(0, 0)"
986,0,0.01,True,3.0028499954349392,289.0899999999999,True,91,"(0, 0)"
987,0,0.01,True,3.018339830440479,289.0899999999999,True,91,"(0, 0)"
988,0,0.01,True,2.7845757557795596,289.0899999999999,True,91,"(0, 0)"
989,0,0.01,True,3.1924707758557664,289.0899999999999,True,91,"(0, 0)"
990,0,0.01,True,2.9205995889810414,289.0899999999999,True,91,"(0, 0)"
991,0,0.01,True,2.971026685866681,289.0899999999999,True,91,"(0, 0)"
992,0,0.01,True,2.9140101212721605,289.0899999999999,True,91,"(0, 0)"
993,0,0.01,True,2.824463420516842,289.0899999999999,True,91,"(0, 0)"
994,0,0.01,True,3.085572654074365,289.0899999999999,True,91,"(0, 0)"
995,0,0.01,True,2.9625199129293254,289.0899999999999,True,91,"(0, 0)"
996,0,0.01,True,3.2942983095462504,289.0899999999999,True,91,"(0, 0)"
997,0,0.01,True,3.0933968123498854,289.0899999999999,True,91,"(0, 0)"
998,0,0.01,True,3.214172824398502,289.0899999999999,True,91,"(0, 0)"
999,0,0.01,True,3.2752805142612247,289.0899999999999,True,91,"(0, 0)"
